/*
Navicat MySQL Data Transfer

Source Server         : test1
Source Server Version : 50521
Source Host           : localhost:3306
Source Database       : xueyuan

Target Server Type    : MYSQL
Target Server Version : 50521
File Encoding         : 65001

Date: 2018-11-01 15:56:49
*/

SET FOREIGN_KEY_CHECKS=0;

-- ----------------------------
-- Table structure for `act_evt_log`
-- ----------------------------
DROP TABLE IF EXISTS `act_evt_log`;
CREATE TABLE `act_evt_log` (
  `LOG_NR_` bigint(20) NOT NULL AUTO_INCREMENT,
  `TYPE_` varchar(64) COLLATE utf8_bin DEFAULT NULL,
  `PROC_DEF_ID_` varchar(64) COLLATE utf8_bin DEFAULT NULL,
  `PROC_INST_ID_` varchar(64) COLLATE utf8_bin DEFAULT NULL,
  `EXECUTION_ID_` varchar(64) COLLATE utf8_bin DEFAULT NULL,
  `TASK_ID_` varchar(64) COLLATE utf8_bin DEFAULT NULL,
  `TIME_STAMP_` timestamp NOT NULL DEFAULT CURRENT_TIMESTAMP ON UPDATE CURRENT_TIMESTAMP,
  `USER_ID_` varchar(255) COLLATE utf8_bin DEFAULT NULL,
  `DATA_` longblob,
  `LOCK_OWNER_` varchar(255) COLLATE utf8_bin DEFAULT NULL,
  `LOCK_TIME_` timestamp NULL DEFAULT NULL,
  `IS_PROCESSED_` tinyint(4) DEFAULT '0',
  PRIMARY KEY (`LOG_NR_`)
) ENGINE=InnoDB DEFAULT CHARSET=utf8 COLLATE=utf8_bin;

-- ----------------------------
-- Records of act_evt_log
-- ----------------------------

-- ----------------------------
-- Table structure for `act_ge_bytearray`
-- ----------------------------
DROP TABLE IF EXISTS `act_ge_bytearray`;
CREATE TABLE `act_ge_bytearray` (
  `ID_` varchar(64) COLLATE utf8_bin NOT NULL DEFAULT '',
  `REV_` int(11) DEFAULT NULL,
  `NAME_` varchar(255) COLLATE utf8_bin DEFAULT NULL,
  `DEPLOYMENT_ID_` varchar(64) COLLATE utf8_bin DEFAULT NULL,
  `BYTES_` longblob,
  `GENERATED_` tinyint(4) DEFAULT NULL,
  PRIMARY KEY (`ID_`),
  KEY `ACT_FK_BYTEARR_DEPL` (`DEPLOYMENT_ID_`),
  CONSTRAINT `ACT_FK_BYTEARR_DEPL` FOREIGN KEY (`DEPLOYMENT_ID_`) REFERENCES `act_re_deployment` (`ID_`)
) ENGINE=InnoDB DEFAULT CHARSET=utf8 COLLATE=utf8_bin;

-- ----------------------------
-- Records of act_ge_bytearray
-- ----------------------------
INSERT INTO `act_ge_bytearray` VALUES ('2', '1', 'leave.png', '1', 0x89504E470D0A1A0A0000000D49484452000000D5000001B408020000002AFDF59F00002FDF4944415478DAED9D79541B7796EFFBCC1F6FDE9CF3DECC1FF3667A66DE4C77BF9EEE99EEC9EBEE899374A79338E94E7B8913078877F002DE1DDBB1B1C136C666F3C262F655AC6231201649EC8B10DA900448026D20408845EC9BB1C15BD24E6CBF6BD73BD51A95AA62BB4140B8F77C4F9DFBBB757FF7F7AB5F7DA8FA55E203DF7B8A86B674F63D5C0234E40F0DF9434343FED0903F3434E40F0DF9434343FED0903F3434E40F0DF9434343FED0903F3434E40F0DF9434343FED0903F3434E40F0DF9434343FED090BF573529DAAB1AF2B730FC7DF9E53DD4CB0AD62D383818F95B00FE1E3EBC8B7A59217F0BC8DF3CEA6585FC2D187F0F1ECCA15E56C8DF02F27707F5B242FE168CBFFBF76FA35E56C8DF02F2378B7A59217F0BC6DFBD7BB30C9A9A1E57B71BB4BACEDBB353CC99AB4AC8DF02F237C3A0E1F141BEA4A6A1B35ED3AD1EB0F6DF9E9D64CE5F2542FE168CBFBB7767183438D657A2E28BE7CBCAF46575AD42A3D9383131CADC653508F95B38FEE6A719641DB7F0DAF9F2BBE57513A5255D851C65B158A99C99199D9F9B9A9F9B66EEFB1D16F2B760FCCDCF4F316860BC97D7C66FB9575577BB9437C4E1F516F23A8A79B22A8DBE7D727284B92F687676ACB1B196C3C92B29C9E7F1384AA5786E6EF25B7BBD88E2E3A3A85A90CA2F22E46F01F99B64D0C09899D7C653DDAF543CE0C32390DF57CCEFE7F0BB8BCB0CA50D6A6167A789B97B75354FA168249B1A8D422CAE237C1EAF90B92F55B65DE2E3235FB6FB2B8F4515F2B760FCCDCD4D30A87FB487ABE1B6DCAD503D2CAF1F2B2DEEE694980B01415E3FA758CBA9D1D46ABBDB06AD7D77EE38EE9E92123733334C36A7A787B3B258841F1717C93C3455B65D5EA1FB2B8F4515F2B770FCDD196750FF6877A9AA5479A7BCE53EBF7EACA4A42B9FD3915764CAE7C28BB8BFA0B4BBA040C69168C4DDE6CEE9A9116AF7BCDC8C368D821A8F8BBD410A9A43D69ED2D27C564A5C6242744E765A6787864CEBE9D101B25C6E815D17E24815A730C7D26B249BBD660344C0B93D3BDA28AC2E2ACA2D2CC86E68A8822639845ED702432425C614E4B3CD663D757A54217F0BC6DF9D3B630CEA1FEB2E5195C86FF3157779E2696ED560717E477641674EA12997D375B3B4379F3790CFD1E7721AB8ED86366AF78101535E5E06DCDDAA2AAE4A259D98E8274FC5C646907E4101BBB555323D3D74EBD6B046234F4F4F24734A4A6E4E4E0E52BB806F27226E34AAE0D549A681DFD1A10647261334378B88200C014DB24E4545C9E868EFCCCC90545A0F53A58E4515F2B780FC8D32A87FB40BF893CD7265774A25B3C57553859C5176D16876D1684EF133E5968CE4F18673B9FD3915AAB2766DBBC322A3A3E6F676454D0D8FC58A331A5B89E0F31BFC5FD26666AC7D7D46B55A1A177783CCB15ABBC804DB2ED4EEA47272D2885E4343DDE013C192923CDB1C2E379FAC3331D147F8D3D356DBA1199605F95B30FE6EDF1E6150FFA8A944552C992991DD29168C734ACD39996DC959ED296C3D2BDB909A6D4CCDE94C2D34B10BA4054AAD7C626290B95A57571B3CDB083F36369C8C9BCDBA9B37339392627273D3ABAA4AC953B639764DBB53B6D2689AA00838B5B57CF089604242247421959818C53C04437D10F2B770FCCD0E33A87FA4B3A4B54834552C992D2AEBCBCD56A7A6C9139FA93989DD9692DB9E96DD9455A92A6F6E530E597BA9DD3333922627FAC926F8C9C931841F1B134EC633D2138D8616C21F19EE264FD9E6D835ED4ED9EAD68C352B33D9D2AB6767A5804F043985D964429FC5909797CE3C04437D10F2B760FCCDCE0E31C832D251D4CA114E721A6739453D992C65427A6B72A62629AB8D95AB492F55150A54F59D2603BC3A1D76170A2B5A5A44645324AAAAA9E1127E5656F2D05017E1C37B59AF6F9E9E1EE8EF371615E5C4C4841171D2A176B13B652785A2016AC2918C88C5D5F5F565E3E3BD2323DDF9F919D07458876CDA8E4515F2B770FCDD1A6250DF5047510BA761A2B0E15601F097D6FA9C3C5D5A81368B27E3B5B6AA98BBCF4C0F4AA575801487939D7F3343505F3E35D94F9CEA35EB9212A3E041053E3CFCE04919171B919B93A6D7353F83E0790EE950BBC029AAC84C1805D2C8B188993408CA5353E39393A26BAAB9D0743804D9B41D8B2AE46FC1F8BB75CBCA20CBB0B1A8A5B076FCE6CD11567A5742B63EB9C0989ED750206995F40D98A6A70799BB7F5785FC2D1C7F33830CB20C1980BFF2B19CDC9EA46C03EB664B768DBCA6DBA21F1D314F4F0D30F7FD0E0BF95B30FE66660618D46BD5173417140DA7E56932B8CAE22683C4F46CB737B0CA85FC2D1C7FD3FD0CB20C1A8A242545C6ECEA960A8D56353A6466CE5F2542FE168CBFE9E93E06F5F577D434088462B1D5DAC59CB9AA84FC2D1C7F5316D4CB0AF95B30FEA6A67A512F2BE46FE1F89B34A35E56C8DF82F13739D1837A59217F0BC85F37EA6585FC2D187F1313DDA89715F2B760FCA1BD9A217F0B63C168AF6AC8DF77D9B85C2E2E02F2B764E6EEEE8E8B80FC217FC81FF28786FC217FC81FF28786FC217FC81FF28786FC217FC81FF28786FC217FC81FF28786FC217FC81FF28786FC217FC81FF287FCA1217FC81FF287FCA1217FC81FF287FCA1217FC81FF287FCA1217FC81FF287FCA1217FC81FF287FCA1217FC81FF287FC217F68C81FF287FC217F68C81FF287FC217F68C81FF287FC217F68C81FF287FC217F68C81FF287FC217F680BC49FFB5218F2B71CEEC242DD91EFADAC7B80FC2DB799207FC81FF2B768565F5F6F369BA923CECFCF1714143C7AF4C8690B6DB1580402C1E3C78FED66021188C359A7CD04AE1AAE1D56807A1760AD60C590BF05B38181010F0F0F168B452C378C08F71B96F8E0C1831C0EC7990BFDE4C9136F6F6F3F3F3FE2E781B876F021027138EBCCC9C0B5C30AC03AC06A103381F5815582B5821543FE16D2020202602062B9C181FB0DC7DDBB77CFCCCC38F95D5353530343133F0FE010F71B1C883B792670EDB002E46A103F90E0C05AE1FB77814D2E9753BFB9A2A2A29CBFD7B97FFFBE979797DD4C200271E74F065680BA2CB056C8DFC26F778E1E3D6AB7D006836149B6DB696969763381C892CC0456C06E26B04ACEDC10AFA2EF5FD8EED82EF49933679CBCDFB2DD8FDADD7527EFB76CF7A3B00EB63371F2867815F1476E770873FE7E8BBA1F25CCF9FB2DEA7E94B025D9103F5D3DFFFD8FDCEE2CD57E8BB4A6A626F2AE83BF8433B1DD8F2EC9867815F1476E77966ABF45DD8F2EC97E8B6E3FBA541BE2D5C21FB9DD59AAFD16753FBA24FB2D87FBD125DC10AFA2FFFF06DB9DA5DD6F91363D3DBD67CF1E382E87C9C09A2CE1867815F107DB1D954AF574799848245A2633813559C20DF1EAFAF70768CBCD56127F52B4E56AAB85BFA74F1FA0969BE0BE040707AF0AFE1E3FBE8B5A6E5A45FC7DF3CD1C6AB96915F1F7F5D7B751CB4DAB88BF477F9C412D37AD22FEBEFA6A0AB5DCB48AF8FBF2CB09D472D32AE2EFE18331877A401367D02B744139D42AE2EFC1FD613AB5F59B3364DA4C990E8EF4D2110990CC500AF5525A45FCDDBB67A553BAB47D67BEFE408E747FB68C4190006969D2768652A897D22AE2EFEEFC009D32A4ED07B2A5EA5E53730FAD5ACC26483890234B95B431941A19D6DF9EB5F459D4B5359CF9B97E32DEDA524F4DAEACCC1F1ED23154031516A44229E61C50497166A3904BF81A7583EDA98A8A9BB63321353A62A8AE2EF8D6CA84600ED1D157E8CEEAB462BB084C26F246D0B7965D45FCCDCF59E8942E51EF674B95DD1D5293914E32931112BCB2A5A962B55DF7EAAA9B31D121D7AEF92526867EF6D9C7870EED562AAA76ED72CBCB4D4C48B87EFAD42138BB76EDDBA246AE5DC78971A38BCBC69E1E251999BBD36B97E3E6B6C9689074772B26278C53939D84CC3DCD7B766FB50EB69169FBF66E6F6DAD25FC6DDB36C3B8A4FEEDDF7E0CDD1D5EB8AFEF71417D11D99C99EE128B780E33A14E4E763CDD02724B3321019CCE0E69AFB979A05F0D971C7923101C58040E2795AEE32AE26FEE8E994E691295175BAAE832483BF5B432E92101F86389550E8B9C3C79A0CB24237CB5BACEEFC249C2DFB2E563DBB4FEBE564E21ABBC2C9B505090CFE143BB093F2931F4B5D7FEDD6810DB269F3A75089C220E2B33333A2B2BE6D76FBD0E4742ED6D0D64E6DEBDDBC6467584EFE5B5137C529F7DB68988437E58A87F42FC355230BABFFF69B2E9EBF3F9BA3FACEDEC9040B2412F3A7DFA504A7218A1DDBBB7C24CC8E6A64D1FF2B859B6D775F4C8DEC949A3425E01532D2A4A85D5B870FE043879B90915E539742BBF8AF8BB3DDB4DA754712BF02737E9C5461D9D241D3A4800FE5244AD0E8B9C38B11FEE1CE1AB5A6B60F5091F6EBF6DDACC74A74653AFD735120A0FBF14151948364113E37A32F9EA95F32DCDD5B6DDEDAA81CAF8EC98E8E077DE79F3C68D805FFEF2E7F2A6F21D3B5C72B2E3486DD8F00175B66161FEED6D02C29749CB0607D476093DDD72F21240F171576120B2B97DFBA7C3436DD4B2B7664CD7AE5E484CB8E6E9B9E3F363FB60626FBEF92B9D5648B7F2AB88BFD95B263AA58A9EF1D7D4A91319B57412776821C12B5B92D2D8E2B0C889E35E1D46F1AD99CE6665656B4B35DC3C220EC4300C9D911199CD8E75786A6CB4FD9FFFF91FE54D65B6416AB5E929231CF7ECD93A3CA421221B377C50589842EAFDF7DFB6EB927F3371D72ED791E136A23933DD111F77253CCC1F264FE67477C9CE9F3F4E36E36243F8BC4CB2B97DDBE6F1312D38BD6605209E9E1E090F60DB2158AC70189AF0399C14DBCAB65A45FCDD9A31D289256AF6624B641D6D2203ADC4460D24007FC98DCD76DDD5AAEAAB57CFFDFEF7EFB8EF72DDB8F183E262D6E9D3070303BC89B39FB97DD4DFA72C2FCB74387446FA0D363BDAE1A9A8C8CB6FFFE675BB205423FD0E6323E9EFD9BD65C8DAAA6AADB2F4CA5929A1667313A9E4A4EBBDE6263233273BE6D2A5531A753519D16AEB611A10DFBE7D3319EC3289376DFA7D62E255421EEE6E274F7A91CDB7DEFAD5D8A806D2A626F5A64E515DED4D6FEF43D00C0BF38B890E8C8D0DBE76ED7C68E80570E02A4E9D3AD0D25CE1F01A57117F33D37A3AB11A95C09FB443D3A857D349645043C273FE940E8B1C3FBECFA01710FEBBEFBE191B1378332F2E22C2FFF5D75FBB76F59C8FCF91E1A156E2ACA5B76962BC9DF0D3D3C2D95991849F9870053025FCA6266E6D6D9E9BDBC6C909EDD52BBE09F1217016B466CDFF259C2B213E3FFCE13F93F9BB777F76FEDCB1E4E46B21C1678984F0F08BD091F0D7AEFD7566C60D20068E82FA7CC8CF6647352BCB88BEBEBE4701597060C203FDFFFFEA4C9D8DE7CE1D23AF0E2E87CB4D239BDBB67D3C3AA2229B502A38F80CE15FF43B0157446AEBD64D72398F6EE557117F53935A3AA50815C09FC4A012EA68D5A8574102A42509150E8B7CFEF95E9DAE8EF0E3E38379DC34C27775DD609759539D131B1B0439204FCF6D07F6EF207C505E6E2C9103B7DF615F6AA4A2220B68F8A77FFCBEB6BD9688000D23C3AD65FCF498E800BA4B9E9C683F7BF6303190FB2E176A82D1D0005C924D28555AC2229B5BB77E0C3F4E6453A1E007057A13BE87BBEB40BF8214FC08C164E8A6B18AF89B9CD0D0295928F7CA128B0D2D0D5A5A0975CD90E0C9162735C81D16F9FCD81E9DB686F00F1FDED56B9610BEABEB7A86A15359D73333C2E9CE52FB5223E565E982FA3C0F0FD7FE3E1911D9B67593B6BD9ACF4B8D88F01BB22AC3C32F0885F9D4E24A0537E0F217D051ADAA707876C386B5D1519708EDD8B1F9D8D1DD64F38D377E61E9FDD3922AE4A58181A7097FF3E63FC4C705915AB7EE3D86CB5F45FC4D8CABE894DCD0E409FCE99B055A259D1AB44A4800FE121B9A1C1639766CB7B6BD4ADE546CD0D7EEDEED46C65D5DD6330CCD625DCB480FA33B4BED4B57CDC3DDA5CFF2EC1AC7C75A8F1C710787C765EDD9E306F541E03BEC053F276EAEEBA10BF594D15077332F866C4645F917172792CD84F8A021AB9C6CC25507069C222E64C78E4F601D48C1FB97E1F257117FE3A32D744A22F8D32904EDF46A5340C233FE044D76DDDBD4E55999E1EFBDF7E6C913FBAA2A331213828A3909E4591797750C43B392AFA4A75DA73B4BED4B57CDDDFD538B590C0E8F9B02CFBF0E431DB734392AF222C3D0B1D19760AA653C969BDB7A4553314326084AD95E949DA4E2C21FFEE07FD7D5B2C1872774417E2CA94D1F7DC0507615F1373AA2A453B240E6C51649F54D42AD9C4E8D3A3924ECCF1627D4CBECBB27875CBD72A6B3A30EFC0E63EDB97387C1696EE642A4CB24D8B4E90370E051A49017C33383DA372DF51AD9D4A8CB02024E8E0C2B88A6CBA77F80A36D2F2202AAAE7A063A19DFB573B3B9A77178487EF4887B7F9FE4D4179E67BCF747DEF07378BD2D2DDCB3670FD6D664114D6D7BE5B66D9B76EEF884CF679143DBE946C4054E611CDD021671E26138C2875284D3D32D84E3F6ED9B18567E15F13732DC44A744816467BE1ED8F2648B18040990165F2FA1AB631D945EBF766670E059028713CB6687656787931235E6B669F897FC3F0F0DF5211512720A443603034F9EF33DA46AE512053FFDF4C32E531DF4BD7AC59B4820BB8373FEDCA15E73834C5A70E6CCFE9FFEF447FD7DA2E0E0536A158FE89B921CECE6B6EE0F1FFEF6DD77D6BCF6DA4F6FE6455A7A85850531717197A02075F29515A9EBD7BFBB7EDDBB64055BC12473722218D610AE9D70D6FDE11DC2A92867B9BAAEDBB1E363865EAB88BF612BADC45A697C9DE4B9C4F4221224A2760943A985556B4BC98BA4F55B84A68E9AA141495FAF9021ADC350D56DAA7BB599741AAB619417C9D4B597913EF37C869FFDF39755C3DFD0A0D8A1AC347106BD42179443AD22FE060784A8E5A655C4DF409F00B5DCB48AF8EBB7D4A1969B56117F7DBD35A8E5A655C45F6F4F256AB96915F167EE2E472D37AD22FE7ABAF8A8E5A655C41FDAF2B455C11F5830DA72B555C1DF77C6B85CEE5334E46F85AE3BAE03F287FC217FC81FF287F700AF1DF943FE903FBC0778EDC81FF287FCE13DC06B47FE903FE40FEF015E3BF287FC217F780FF0DA913FE40FF9C37B80FC217FC81FF287EB8EFC217FC81FF287EB8EEB80FC217FC81FAE3BAE03F287FC217FB8EEB80EC81FF287FCE1BAE33A207FC81FF287EB8EEB80FC217FC81FF287EB80FCE1B5237FC81FF287F700AF1DF943FE903FBC0778EDC81FF287FCE13DC06B47FE903FE40FEF015E3BF287FC217F780F903FE40FF943FE903F34E4CF5966B1580402C1E3C78FEDAE1D221087B3C81FF2B788F6E4C9136F6F6F3F3F3FB3D94C5E3BF81081389C45FE90BFC5B59A9A1AB8640F0F0F168B050E1CC10707E2F8FE45FE16DDEEDFBFEFE5E5E5FE5F0D221047FE903F67585A5A9A1D7F10C1EF0FE4CF4936303060C71F4490BFEF1A7F767F9D7B59ADF8F9F3E749F84E9F3E6DB55A97D5F49CBC74C89FB38DCFE793FCA5A7A7237FC89F53ADAFAFEFC0810370ED70148944C81FF2E75403E0222222E0DAE1087343FE903F67F3575555B57BF76E38227FF8FDBB34066FDEA768AB88BFB6BF7DDAFA3D14AD607D90BF453424EC5B85FC2D3A7F4F1FA01C08F9730E7F8F1FDF455185FC3989BF6FBE99435185FC3989BFAFBFBE8DA20AF973127F8FFE3883A20AF973127F5F7D3585A20AF973127F5F7E3981A20AF973127F0F1F8C39D4039A38835EA1CBB215F2E724FE1EDC1FA6535BBF3943A6CD94E9E0482F1D9100C90CA5569C903F27F177EF9E954EE9D2F69DF9FA0339D2FDD932064102A4A549DB194AAD38217F4EE2EFEEFC009D32A4ED07B2A5EA5E53730FAD5ACC26483890234B95B43194025556E60F0FE91812727212E3E2AED9468E1CD9A75137309715D497309CD5B68BD859F1B7672DA64E398FCB9E9FEB87A05452DEA611329745FE9CC4DFFC9C854EE912F57EB654D9DD213519E924331921C12B5B9A2A563394024D8C1B5D5C36F6F428C9C8DC9D5EDB84DFBEFD665252587A5AD4C1831E870FEFA9AACC5BB7EE7D688282027DDE7FFFB7931346489B9AEC1C19D692BD226F04F2796CDB3AB6652BCA732F5C38094E75D5CD2347F6CEDEEA011F22B5B585CCB345FE9CC4DFDC1D339DD2242A2FB654D1659076EA6965D24302F0C712ABA815FAFB5A3985ACF2B26C4241413E870FED26FCA4C4D0D75EFB77A3414C6416E427DFCC4BAC28CFD1A8EB27278D3D3D0A6FEFC343564D4646D4C4B81E2220225322E685049F4B88BF46282CD4FFFCB9E36413B466CD2F0C7A11910C0341041CE02F26269808FA5D38A956D7315C3808F973127FB767BBE9942A6E05FEE426BDD8A8A393A4430709C05F8AA8955A6166BA53A3A9D7EB1A0985875F8A8A0C249B20600BD2DADB04D15141E04C4F756EDDFAC9D8A8EEF871AFA9C90E885454E4C4C55EB1ADB96FDF76284B36816F284B3679DC4C78708223A8E744445C863ABB76BABEF3CE9B6161FEC410A00BE74FA85A6B182E1C84FC2DB039F847BCCF9778F696894EA9A267FC3575EA44462D9DC41D5A48F0CA96A434B630942294911199CD8EA5C667A63B78DC8CB8D810525BB77C1C1919601BD9BC799D58546236CB8B8B525B9AABC8BE2121BE95953964333D3DD2B6329F97097DC1A9ACC8B971E3B2AAB59A951276FEFC71A5A2422AE5C113916EAAB6FCE1BF7F5E44FE6ECD18E9C412357BB125B28E3691815662A3061280BFE4C66686528432D26FB0D9D1D4F8CCB4E1F3637BC169D3D4D89D32F7C8C6C7DABABB24A1A117C8A0CBA7EB63638309B9BA6CF0397B846CFEE4273F1A1CF8D34C78DC74088253519EE5E1EEC64A094D65859DF13E141C7496F02727740EA78AFC3989BF99693D9D588D4AE04FDAA169D4ABE92432A821E1397F4A87452CBD4D13E3ED849F9E16CECE8A24FCC4842BE5659984DFD25C5E5A9A0A8EBBBB6B6C4CA0AD3EFAE877D9EC285367A36D4D4FCF6DA41F1C7C46D8504836B76DFBD83693CB4D3B79C233263AB0889314197989089E3B77AC5959C670E120E4CF49FC4D4D6AE9942254007F12834AA8A355A35E050990962454382C52539D131B1B141F1F0C026E0EECDF41F8A0BCDC58BB640F0F37BB88AFEF51859C67177473DB18131D40089E8567CE1C229BAEAE1B881CA1B0D0C7E7C8DAB5BF3E7E7CDFE4447B193FFD4684FF9F6A2AF80C170E42FE9CC4DFE484864EC942B95796586C6869D0D24AA86B86044FB638A941CE508A502AEB7A664638438287876B74D4255B5DB972B6A69A6D97B677CF67A41F18785A509F4736B76EF988708A8A120BF2E34A8A93A10834F9BCD488083FE294AFCF6185BC9479AAC89F93BE7F27C655744A6E68F204FEF4CD02AD924E0D5A2524007F890D4D0CA508B158D732D2C318123CDC5DE44DC5764A4F0B35E86B6DD33EFCF09DB8D80042AE2EEB7D7C0E91CD8D1BD6DA661617274645F983C3E3B222C22F1041C887B2E0F49AC5A64E81C399E0F7AF93F81B1F6DA15312C19F4E2168A7579B02129EF1276862284588957C253DED3A4382BBFBA7E5FC543BAD5FF76EB3926B9B060F30D20FB87CB2AE964D3643AFFBDA66167312A2222F82C32D4D0E0F3B0F4E93B4C8E7EC4138822F15172AE5250E6782FC3989BFD111259D9205322FB648AA6F126AE5746AD4C921617FB638A15E66D77DC82AB72F981C92967A8D6C6AD4650101274786156464DBB64DD469B8EFDADCDD25A09BA4BFFFF1DA9A2CBAB38585719137FCC0292888757559B777AF1B9FCF82E75F6D2D1B8237F3A24B4B921C7644FE9CC4DFC870139D1205929DF97A60CB932D621024405A7CBDC4AE7B9B867FC9FFF3D0501F522121A740643330F0E439DF43AA562ED965FDFA7763A22FDA292CCC57262DA09BA4AFCF413E3F991A87B2D0F1073FF8A7F23216344B4B128E1D73B7F40AC11735E66EDDB271B787CBF6ED9B389C588765913F27F1376C95D249AC95C6D7499E4B4C2F2241226A9730947A41E9DACB5EB64BB7A9CE3A20A63BAB6D2B7BB599207F4EE26F6850EC50569A38835EA1CBB215F2E724FE06078428AA903F27F137D027405185FC3989BF7E4B1D8A2AE4CF49FCF5F5D6A0A842FE9CC45F6F4F258A2AE4CF49FC99BBCB5154217F4EE2AFA78B8FA20AF973127F28FCFD934BC41FFEFE5DFCFDBB4BC9DF021997CBC5F9207F2B75BDBEF3F341FE9ED9E2FD23DE3F7FCE56ABD5766E7FE6DFFF58F035C47FFF8CFC217FC81FF287FC217FC81FF287FC217FF8BD89DFBFC81FF287FCE1FD46FE168EBF9568C8DF77843F34E40FF943FE903F34E40FF943FE903F34E40FF943FE903F34E40FF943FE903F34E40FF943FE903F34E40FF943FE903F34E40FF943FE903FE40FF94343FE903FE40FF94343FE903FE40FF94343FE903FE40FF94343FE903FE40FF94343FE903FE40FF94343FE903FE40FF94343FE903FE40FF94343FE903FE40FF943A3B5870F1F1616163E78F0807AFF0C0683442241FED016D7D2D2D28E1E3D2A93C9C8FB373333131B1BBB7BF7EEE9E969E40F6D716D606080F84DAC414141702C2F2FF7F2F20227323212DFBF68CEB0808000EA2F0686F72FF287E60C6B6A6AB283CFDBDBFBC99327C81F9A33ECD1A347B005B4E5AFA6A606BF7FD19C671C0E87840FF67FF7EFDF47FED09C67F0A90B1FBC047FF045BC42AF02F95BC1061FBC047FF0458CFCA139DBE08317EE1F7C0BAFDC4B40FE56B0C1072F7CF6C2B730F287B63406F0C1B730F2878686FC39C5F47ABD148DC6903F67F0F7F4E9031455B032393939C8DFA2F3F7F8F15D1455C89F93F8FBE69B391455C89F93F8FBFAEBDB28AA903F27F1F7E88F3328AA903F27F1F7D5575328AA903F27F1F7E5971328AA903F27F1F7F0C198433DA08933E815BA2C5B217F4EE2EFC1FD613AB5F59B3364DA4C990E8EF4D2110990CC506AC509F973127FF7EE59E9942E6DDF99AF3F9023DD9F2D631024405A9AB49DA1D48A13F2E724FEEECE0FD02943DA7E205BAAEE3535F7D0AAC56C82840339B254499B5DF73BB72D15E57923C3FACACA7C4BAF8A08CECFF50B1BB87423360AB97C5E36C394A812D497309CD5B68BD859F1B7672DA64E398FCB86D121289594B76984CC65913F27F1373F67A153BA44BD9F2D557677484D463AC94C4648F0CA96A68AD5D40A1B36FCAEA020E5BD777FCD2DCDB40EB611C10B174EB6B6D612FEDC9D5EDBFCAB572F6466C4D8469A64E56211CF363235D93932AC259B913702F93CB66D826DCD8AF25C180E9CEAAA9B478EEC9DBDD5434CA0B6B690E1C241C89F93F89BBB63A6539A44E5C5962ABA0CD24E3DAD4C7A4800FE586215B5C2FEFDBB66A64D7E174E820FC784F86BA0CB97BD4382CF11FEDB6FBFD1242B23F3AF5E392F11F3C8667D3D07122A2B726D6B4202D91D1416EA7FFEDC71B2095AB3E61706BD88482E2FCB860838C05F4C4C30118499A8D5750C170E42FE9CC4DFEDD96E3AA58A5B813FB9492F36EAE824E9D04102F097226AA556F0F2DA59C667EBB4423E2FABAC2CDBEEAC46535F5C94661BB912724E242A0567C8AA81A794BFFFA9D111AD5DAF7DFBB6CF4C77924D4E212B3CFC12D9E47133AB2AF3C011D47322222E1F3FEEB56BA7EB3BEFBC1916E61F1D1544E45C387F42D55AC370E120E4CF49FCCDDE32D12955F48CBFA64E9DC8A8A593B8430B095ED99294C6166A052FCF1D1C4E0A3865FCACB6B6FA6B572FC4C58610F23E7DE877BF7B677ACA689B1F12E25B5EC6CE66C7C2B3CAD2ABA416349BE5C545A92DCD55B65D2A2B73C8667A7AA46D3E9F9709638153599173E3C665556B352B25ECFCF9E34A458554CA8351E8AE1DF973127FB7668C7462899ABDD81259479BC8402BB1510309C05F726333B582A7E7F66665B9A0BE8068CE4C1B18860385049F4D6585394CB3F4CA49DFE5D3F5B1B1C1845C5D36F89C3D42367FF2931F0D0EFC69263C6E3A04C1A928CFF2707763A58442FD33DE878283CE12FEE484CEE14C903F27F137334D2B56A312F89376681AF56A3A890C6A4878CE9F925AC1D3731B1CFD2F9EB4F4369594B0EAEAF26C75332F6ED72E97216B4B4FB7E4EA15DFC4842B6E6E1BCF9D3B064E7C5C7054E46570089D3F77EC97BFFC797797D8B62CA1E0E033C28642B2B96DDBC7B613E072D34E9EF08C890E2CE22445465E22823044B3B28CE1C241C89F93F89B9AD4D22945A800FE2406955047AB46BD0A12202D49A8A056D8B76F2B1CD3D3230A0B1325E26299B464DD1FDE83A397D776800F1CD0E8889ACC0F0AF41608F2C1999C684F4EBA463731C034263A80103C0BCF9C3944365D5D3710394261A18FCF91B56B7F7DFCF83EA856C64FBF11E14F9CF2F53DAA50F0192E1C84FC3989BFC9090D9D928572AF2CB1D8D0D2A0A59550D70C099E6C7152839C5A61DFDE2D708C88F0CBCB8D01676C54B573E766707C7D0E2BE4A5D4FCC0C0D382FA3CC24F880F321AEA1D4E6CEF9ECF1C76016DDDF211E114152516E4C795142747475D82269F970AD3204ED18D6E2BE4CF49FC4D8CABE894DCD0E409FCE99B055A259D1AB44A4800FE121B9AA815F6EC718B8ABCF8F39FFFABA557024D99B4C8DFFF38383E3E87E44DC5E01071528101A7EAEB72087FC82A3F717CEFD8680BB5EC871FBE13171B40C8D5653D54239B1B37ACB5CD2C2E4E8C8AF20787C76545845F2082E4E8BD66B1A953E0F0DA913F27F1373EDA42A724823F9D42D04EAF3605243CE34FD044ADB0778F1B1CFB2D12A2E973F6609BBA9C709AA445E0941427DAE6075C3E5957CB06A7A75BC8CE8C904938FBF67E36D82FB32B0B0F306A1742A1D77D6D338B3909F003000EB734393CEC3C38302E39BA545CA8949738BC76E4CF49FC8D8E28E9942C9079B145527D93502BA753A34E0E09FBB3C509F5326A859D3B3E21FD9B79D1A9ACAB847FF6CC0151E34D70C2C3CEF5F749C89CCB974F8486FA1E3CB8031E937D163144CAF8AC77DF7DA3B0306E6458E1709290595B93457709D031F2861F380505B1AE2EEBF6EE75E3F359F0FCABAD6513532A2D4972D811F973127F23C34D744A144876E6EB812D4FB68841900069F1F512BBEEE69E862D5B3680D361AC4E880F282F6391A7F8FCE4EDDB37EDDAF5C9A79B7F5F539D4EC6D959613B777EA256F16CEB68DBCB21EDC8919DD641297592BE3E07A11A35AE6AE58685F9FEE007FF448C5B5A9270EC98BBA55708BEA83177EB968DBB3D5C600E1C4EACC36B47FE9CC4DFB0554A27B1561A5F27792E31BD880489A85D42ADD0D5590347EB809861143B0DF4895E3C19D46DAA63A8AF6D2B7BA96AA4903F27F137342876282B4D9C41AFD065D90AF973127F8303421455C89F93F81BE813A0A842FE9CC45FBFA50E4515F2E724FEFA7A6B5054217F4EE2AFB7A7124515F2E724FECCDDE528AA903F27F1D7D3C5475185FC39893FFC3D937486FC39C3609583D1680CF95B01C6E572714AC8DF92D932FCBBE54B3225E40FF943FE903FE40FF943FE903FE40FF943FE903FE40FF943FE903FE40FF943FE903FE46F35F0B72486FC217F2BD5903FE40FF943FE903F34E40FF943FE903F34E40FF943FE903F34E40FF943FE903F34E40FF943FE903F34E40FF943FE903FE40F0DF943FE903FE40F0DF943FE903FE40F0DF943FE903FE40F0DF943FE903FE40F0DF943FE903FE40F0DF943FE903FE40F0DF943FE903FE40FF94343FE903FE40FF94343FE90BFE568168B4520103C7EFCD88E3F88401CCEE212217F8B684F9E3CF1F6F6F6F3F3339BCD247FE04304E270169708F95B5CABA9A901EC3C3C3C582C163870041F1C88E3E2207F8B6EF7EFDFF7F2F2B2FBEDB31081382E0EF2E70C4B4B4BB3E30F22B82CC89F936C6060C08E3F88E0B2207FCEB3808000123EF07141903FA75A535313C91FF8B820C89F53EDD1A347478F1E05F8E0083E2E08F2E76CE37038C01F1C712990BF25B0E9E9E93D7BF6C0119702F95B1A138944B808C81F1AF2B7C866B55AA5682F66C8DFA2F007F6F4E90314B3881F54E46F51F87BFCF82E8A59C8DF22F2F7CD37732866217F8BC8DFD75FDF46310BF95B44FE1EFD7106C52CE46F11F9FBEAAB2914B390BF45E4EFCB2F2750CC42FE1691BF870FC6BE55D3C39D3A4145757C74B6B77782C7BE788FBDE040532FA880532F5261450BF95B44FE1EDC1F66D0BDF9C19E1661F98DD092E000EE95A0D2904052D0846059C47548B83B37C85C67450BF95B44FEEEDDA3D5FC5C7F6F9B04084BFFFC585D724CA7BC667AAC8338050E3421987EEC1824983562486628B5A285FC2D227F77E707E8D4A5AC2F0BBF561C12D0AF97CDDFE983C8EC54CFAD892E1038D09CBBD33760682AB912C80FBB6A52D431945AD142FE1691BFF9398B438DF56BF8E157D38F1DEDD349E66E9BAD5D4A694146CE99D3611FBB80B2BD4F41138273777A2101D278A12163031ABB22DF736474233A1499FFE7977A65217F8BC8DFDC1DB343A96B8A8A02FD6B1222EFCC760F9AE4651157235C3EBBF0FA6FCFFCEC751038D00440AD5D8ADBB7BAAB13222159535364570410A1ABFF82222BFCF9A598B561FD0774A790BF45E4EFF66CB7439547871607F9EBC565E08B6FA646B8B89DFDD91ADF9FAF39FBB3D741CF9D35E19FBAC1A9D95B5D06495951E0C5F2A8EB7645001ABAFA2F28B2C29F5FEA0507A20AF95B44FE666F991C2AF3E4714EE0C5D101D5D4988E7DFA0B78E00173C4C38F1034CFFFE7DBECD32727C7749056147431EBE471BB227053E9EAC3A9ACCCE8FFF3A37FF9ABBFFAEF6FBCF1CBDA9A7C223E3961F8E2E481EF7FFFEFD6ACF90587934256A02BF59BDFBCDE20E090CDBADA82B7DF5E03CED4A4F1D41707DF7BEFD76FBDF59FC78EED8326C3B8B6EF74EA10C8DF22F2776BC6E850B13BDD390117C0191F52877EBCF9CCF3C79E2D7F443374D3E631AB0AD28A02FD6276ECB22B42DDB1D99EDAB265935E271819565FBC78F2C73FFE0111F7F7FF825398343ED6AE5157BFF5D6AFC82E74A50AF2133FFEF843B22CF8850589E05CBA742A2CCC8F0826265E85B2CCE3DACECD4EC8DF22F23733AD77A8989DBB0A032E8033666D05C8E8F9FB7474B015D2388117803FBB227053E9EAC3A92E9388F0AD83CD7FF1177F41F81B377E40E6881A396405BA52D353BAFFF88F7F6B569681AF6AAD041F22E0FFFE77BFB54D5BBF7E2DF3B80C5345FE1691BFA949AD43A59F385670F9FC90A5696C4895F9C5E774EFDFCC539F8F0EB5425A61C0F9F4E347ED8AC04DA5AB6F778A6CBEFFFE6FC8E090B5858C33944A4ABCEABECB051C4FCF6DE013C1BFFCCBFF66FBB084B72DF3B80CF591BF45E46F7242E350BC1B418597CFB53514802FCC8E0FDFEC42F9FE783DEC1317383531AE6E1316165CF2E54504D915819B4A57DFEE14D95CBBF62D32A8909792718652A323AD3FFEF1BF0885F9FFFAAF3F049F08BEF7DE9FEA881A0B7FF5AB9F338FCB501FF95B44FE26C6550EA5E467E5FBFB94C75C191B6DED6EAF29BE7629F4131778E0110F3F70A05972FD129C1A1B69298FBD02C90A5EA65D11B8A974F5ED4E91CDE0A0D35742CE987B446A55F9DAF7DE22E30CA540D7AEF9FCFDDFFFEDD5AB67C9888FCFA1C387777576D46BDBABDE7CE317D0641E17D885111D1647FE1691BFF1D11687B2180545217E2987BC3A9BCBC6469ABBDBAA05593119278F5EDFF8C9F58F3E01079A5D9A2AC8840448E3045DB07408EC8A38FC8FC6E429BB4CC2191952FA9C3DF4FDEFFFAFBFF99BFF79F5CA19DB7CBA52A0813EE94F7EF2C3BE5E3119191A6C3AFEF9EE7FF887BF833A9EFBB6409379DC86FADCBFFEEBFFF1D39FFE88BA14C8DF22F2373AA2A493A6A1A0E88A5FFE251F8392376C958F0C2B06FB24FD6611081C6842D0D8CC2BB8EC0B691A413E43A9152DE46F11F91B196EA2D3D0A0A44D5CC8093E9F72C8931715A8AACBB698EA8853E040931F15987CC8B328E402A40D0D4A194AAD68217F8BC8DFB055CA206BBFB8B52EA730D037D7EF749EDFE99B17BD494113820581BEAABA1C4863AEB3A285FC2D227F4383E26F55B7AE42569C5C72DD2FEDD881A8AD5B41A9470F40535A9C04A75EA4C28A16F2B788FC0D0E0851CC42FE1691BF813E018A59C8DF22F2D76FA943310BF95B44FEFA7A6B50CC42FE1691BFDE9E4A14B390BF45E4CFDC5D8E6216F2B788FCF574F151CC42FE168B3FFCC592DFD55F41F9EDFC91172693C9B45AEDBD7BF79C3F4B183D18EDC5EC3BC81FE13C79F2646C6CACADAD6DA9E64AFDE1FE737EDC99FBAEC4DF65BB12ED7B2F759F1E3F7E4CFEC59FAFBFFEBAA3A3432E97C3117C88A854AA2FBFFC121C784642AFF9F979F01F3E7C087170BEF9E69BCECE4E85420147F0C9E2F07A25987698F0E8D123BD5E0FA34C4C4C38E40FC652ABD50683819803F8C41C605CF0C94C6ADC21616490741CCE6A666646F6DC60E6737373889133F883D51F1E1ED6E97444B3B7B77774741482232323E03F7DFE17C2C7C7C7C18134C0746868087CC821CFDEBF7F1F089E9A9AEAEFEF278BC3339540C761424F4F0F24C028E038E4AFBBBB1BCECECECE12A34047189118B7AFAF8FCCA4C65F903F87B302F26056F042989E9E267EBAD0167DFF0748C1FE8FFC5BB7ADADAD0437706C696901072030994CE0188DC6818101786E810F4FC75BB76E11F9E41F09079F2C4EFE092B8709CDCDCDC428F0F472C81FF154033E8839C043179E85C41C6EDFBE4D6652E30EF7EC54FE1CCE0A4AC1E310EAC0B8C890F3DEBFB646BE88E1F6C0F380800070218E000DBCB38823F1DA827CDB4F196A718709E010B71F8E0EF9230920E7032002D34AA5D20E0EBBF80B3EFF1CCE0AEAC07B009AB031B87BF72E62B404FCC1ED24C0829B01C0114178BAC0EB189E79E0C3F38F7C0A12F9E483C4617187090434E07CF5D5570EF923B65F8014F970329BCDF0D224E6606B76F117E4CFE1ACC8DD30EC37C86B47732A7F703BE19B80D8FFC1268C08C2EE0A1E30B03722FEBB1D3C3C602F48E6C3B70271CFE03D4E2DEE3001767550014601C7217F900967E18380DCEDC1EB9ED89FD925DBC55F903F87B3822F18D8F90197C4870862B404FCC163099E76F0028223B98783AF4BC88723B1E522BE4FC9EF65D833413E7C333E78F0805ADC610204A13E3C6398BF7F6D3F4EA10BB92FB435BBF80BF2E770567069D0243E810141C46811F95B71069F050EFF23255D1C0DF95B48832F1EE28BFB05E368C81F1AF2878686FCA1217F6868C81F1AF2878686FCA1217F6868C81F1AF28786B660F6FF005700B24D816F249D0000000049454E44AE426082, '0');
INSERT INTO `act_ge_bytearray` VALUES ('3', '1', 'leave.bpmn', '1', 0x3C3F786D6C2076657273696F6E3D22312E302220656E636F64696E673D225554462D3822207374616E64616C6F6E653D22796573223F3E0D0A3C646566696E6974696F6E7320786D6C6E733D22687474703A2F2F7777772E6F6D672E6F72672F737065632F42504D4E2F32303130303532342F4D4F44454C2220786D6C6E733A61637469766974693D22687474703A2F2F61637469766974692E6F72672F62706D6E2220786D6C6E733A62706D6E64693D22687474703A2F2F7777772E6F6D672E6F72672F737065632F42504D4E2F32303130303532342F44492220786D6C6E733A6F6D6764633D22687474703A2F2F7777772E6F6D672E6F72672F737065632F44442F32303130303532342F44432220786D6C6E733A6F6D6764693D22687474703A2F2F7777772E6F6D672E6F72672F737065632F44442F32303130303532342F44492220786D6C6E733A746E733D22687474703A2F2F7777772E61637469766974692E6F72672F746573742220786D6C6E733A7873643D22687474703A2F2F7777772E77332E6F72672F323030312F584D4C536368656D612220786D6C6E733A7873693D22687474703A2F2F7777772E77332E6F72672F323030312F584D4C536368656D612D696E7374616E6365222065787072657373696F6E4C616E67756167653D22687474703A2F2F7777772E77332E6F72672F313939392F5850617468222069643D226D3135343039343937373531313422206E616D653D2222207461726765744E616D6573706163653D22687474703A2F2F7777772E61637469766974692E6F72672F746573742220747970654C616E67756167653D22687474703A2F2F7777772E77332E6F72672F323030312F584D4C536368656D61223E0D0A20203C70726F636573732069643D224C6561766542696C6C22206973436C6F7365643D2266616C73652220697345786563757461626C653D2274727565222070726F63657373547970653D224E6F6E65223E0D0A202020203C73746172744576656E742069643D225F3222206E616D653D2253746172744576656E74222F3E0D0A202020203C656E644576656E742069643D225F3322206E616D653D22456E644576656E74222F3E0D0A202020203C757365725461736B2061637469766974693A61737369676E65653D22247B757365726E616D657D222061637469766974693A6578636C75736976653D2274727565222069643D225F3422206E616D653D22E78FADE4B8BBE4BBBBE68F90E4BAA4E794B3E8AFB7222F3E0D0A202020203C757365725461736B2061637469766974693A6578636C75736976653D2274727565222061637469766974693A666F726D4B65793D227368656E7069222069643D225F3522206E616D653D22E4B8BBE7AEA1E5AEA1E689B9223E0D0A2020202020203C657874656E73696F6E456C656D656E74733E0D0A20202020202020203C61637469766974693A7461736B4C697374656E657220636C6173733D22636F6D2E7574696C2E4C6561766542696C6C5461736B4C697374656E657222206576656E743D22637265617465222F3E0D0A2020202020203C2F657874656E73696F6E456C656D656E74733E0D0A202020203C2F757365725461736B3E0D0A202020203C757365725461736B2061637469766974693A6578636C75736976653D2274727565222061637469766974693A666F726D4B65793D227368656E7069222069643D225F3622206E616D653D22E999A2E995BFE5AEA1E689B9223E0D0A2020202020203C657874656E73696F6E456C656D656E74733E0D0A20202020202020203C61637469766974693A7461736B4C697374656E657220636C6173733D22636F6D2E7574696C2E4C6561766542696C6C5461736B4C697374656E657222206576656E743D22637265617465222F3E0D0A2020202020203C2F657874656E73696F6E456C656D656E74733E0D0A202020203C2F757365725461736B3E0D0A202020203C73657175656E6365466C6F772069643D225F372220736F757263655265663D225F3222207461726765745265663D225F34222F3E0D0A202020203C73657175656E6365466C6F772069643D225F382220736F757263655265663D225F3422207461726765745265663D225F35222F3E0D0A202020203C73657175656E6365466C6F772069643D225F3922206E616D653D22E9809AE8BF872220736F757263655265663D225F3522207461726765745265663D225F36223E0D0A2020202020203C636F6E646974696F6E45787072657373696F6E207873693A747970653D2274466F726D616C45787072657373696F6E223E3C215B43444154415B247B72733D3D27E9809AE8BF87277D5D5D3E3C2F636F6E646974696F6E45787072657373696F6E3E0D0A202020203C2F73657175656E6365466C6F773E0D0A202020203C73657175656E6365466C6F772069643D225F313022206E616D653D22E9A9B3E59B9E2220736F757263655265663D225F3522207461726765745265663D225F34223E0D0A2020202020203C636F6E646974696F6E45787072657373696F6E207873693A747970653D2274466F726D616C45787072657373696F6E223E3C215B43444154415B247B72733D3D27E9A9B3E59B9E277D5D5D3E3C2F636F6E646974696F6E45787072657373696F6E3E0D0A202020203C2F73657175656E6365466C6F773E0D0A202020203C73657175656E6365466C6F772069643D225F313122206E616D653D22E9809AE8BF872220736F757263655265663D225F3622207461726765745265663D225F33223E0D0A2020202020203C636F6E646974696F6E45787072657373696F6E207873693A747970653D2274466F726D616C45787072657373696F6E223E3C215B43444154415B247B72733D3D27E9809AE8BF87277D5D5D3E3C2F636F6E646974696F6E45787072657373696F6E3E0D0A202020203C2F73657175656E6365466C6F773E0D0A202020203C73657175656E6365466C6F772069643D225F313222206E616D653D22E9A9B3E59B9E2220736F757263655265663D225F3622207461726765745265663D225F34223E0D0A2020202020203C636F6E646974696F6E45787072657373696F6E207873693A747970653D2274466F726D616C45787072657373696F6E223E3C215B43444154415B247B72733D3D27E9A9B3E59B9E277D5D5D3E3C2F636F6E646974696F6E45787072657373696F6E3E0D0A202020203C2F73657175656E6365466C6F773E0D0A20203C2F70726F636573733E0D0A20203C62706D6E64693A42504D4E4469616772616D20646F63756D656E746174696F6E3D226261636B67726F756E643D234646464646463B636F756E743D313B686F72697A6F6E74616C636F756E743D313B6F7269656E746174696F6E3D303B77696474683D3834322E343B6865696768743D313139352E323B696D61676561626C6557696474683D3833322E343B696D61676561626C654865696768743D313138352E323B696D61676561626C65583D352E303B696D61676561626C65593D352E30222069643D224469616772616D2D5F3122206E616D653D224E6577204469616772616D223E0D0A202020203C62706D6E64693A42504D4E506C616E652062706D6E456C656D656E743D224C6561766542696C6C223E0D0A2020202020203C62706D6E64693A42504D4E53686170652062706D6E456C656D656E743D225F32222069643D2253686170652D5F32223E0D0A20202020202020203C6F6D6764633A426F756E6473206865696768743D2233322E30222077696474683D2233322E302220783D223235302E302220793D222D352E30222F3E0D0A20202020202020203C62706D6E64693A42504D4E4C6162656C3E0D0A202020202020202020203C6F6D6764633A426F756E6473206865696768743D2233322E30222077696474683D2233322E302220783D22302E302220793D22302E30222F3E0D0A20202020202020203C2F62706D6E64693A42504D4E4C6162656C3E0D0A2020202020203C2F62706D6E64693A42504D4E53686170653E0D0A2020202020203C62706D6E64693A42504D4E53686170652062706D6E456C656D656E743D225F33222069643D2253686170652D5F33223E0D0A20202020202020203C6F6D6764633A426F756E6473206865696768743D2233322E30222077696474683D2233322E302220783D223234302E302220793D223437302E30222F3E0D0A20202020202020203C62706D6E64693A42504D4E4C6162656C3E0D0A202020202020202020203C6F6D6764633A426F756E6473206865696768743D2233322E30222077696474683D2233322E302220783D22302E302220793D22302E30222F3E0D0A20202020202020203C2F62706D6E64693A42504D4E4C6162656C3E0D0A2020202020203C2F62706D6E64693A42504D4E53686170653E0D0A2020202020203C62706D6E64693A42504D4E53686170652062706D6E456C656D656E743D225F34222069643D2253686170652D5F34223E0D0A20202020202020203C6F6D6764633A426F756E6473206865696768743D2235352E30222077696474683D2238352E302220783D223232302E302220793D2236352E30222F3E0D0A20202020202020203C62706D6E64693A42504D4E4C6162656C3E0D0A202020202020202020203C6F6D6764633A426F756E6473206865696768743D2235352E30222077696474683D2238352E302220783D22302E302220793D22302E30222F3E0D0A20202020202020203C2F62706D6E64693A42504D4E4C6162656C3E0D0A2020202020203C2F62706D6E64693A42504D4E53686170653E0D0A2020202020203C62706D6E64693A42504D4E53686170652062706D6E456C656D656E743D225F35222069643D2253686170652D5F35223E0D0A20202020202020203C6F6D6764633A426F756E6473206865696768743D2235352E30222077696474683D2238352E302220783D223232302E302220793D223230302E30222F3E0D0A20202020202020203C62706D6E64693A42504D4E4C6162656C3E0D0A202020202020202020203C6F6D6764633A426F756E6473206865696768743D2235352E30222077696474683D2238352E302220783D22302E302220793D22302E30222F3E0D0A20202020202020203C2F62706D6E64693A42504D4E4C6162656C3E0D0A2020202020203C2F62706D6E64693A42504D4E53686170653E0D0A2020202020203C62706D6E64693A42504D4E53686170652062706D6E456C656D656E743D225F36222069643D2253686170652D5F36223E0D0A20202020202020203C6F6D6764633A426F756E6473206865696768743D2235352E30222077696474683D2238352E302220783D223231352E302220793D223333352E30222F3E0D0A20202020202020203C62706D6E64693A42504D4E4C6162656C3E0D0A202020202020202020203C6F6D6764633A426F756E6473206865696768743D2235352E30222077696474683D2238352E302220783D22302E302220793D22302E30222F3E0D0A20202020202020203C2F62706D6E64693A42504D4E4C6162656C3E0D0A2020202020203C2F62706D6E64693A42504D4E53686170653E0D0A2020202020203C62706D6E64693A42504D4E456467652062706D6E456C656D656E743D225F3132222069643D2242504D4E456467655F5F31322220736F75726365456C656D656E743D225F362220746172676574456C656D656E743D225F34223E0D0A20202020202020203C6F6D6764693A776179706F696E7420783D223231352E302220793D223336322E35222F3E0D0A20202020202020203C6F6D6764693A776179706F696E7420783D223132302E302220793D223230352E30222F3E0D0A20202020202020203C6F6D6764693A776179706F696E7420783D223232302E302220793D2239322E35222F3E0D0A20202020202020203C62706D6E64693A42504D4E4C6162656C3E0D0A202020202020202020203C6F6D6764633A426F756E6473206865696768743D22302E30222077696474683D22302E302220783D22302E302220793D22302E30222F3E0D0A20202020202020203C2F62706D6E64693A42504D4E4C6162656C3E0D0A2020202020203C2F62706D6E64693A42504D4E456467653E0D0A2020202020203C62706D6E64693A42504D4E456467652062706D6E456C656D656E743D225F37222069643D2242504D4E456467655F5F372220736F75726365456C656D656E743D225F322220746172676574456C656D656E743D225F34223E0D0A20202020202020203C6F6D6764693A776179706F696E7420783D223236362E302220793D2232372E30222F3E0D0A20202020202020203C6F6D6764693A776179706F696E7420783D223236362E302220793D2236352E30222F3E0D0A20202020202020203C62706D6E64693A42504D4E4C6162656C3E0D0A202020202020202020203C6F6D6764633A426F756E6473206865696768743D22302E30222077696474683D22302E302220783D22302E302220793D22302E30222F3E0D0A20202020202020203C2F62706D6E64693A42504D4E4C6162656C3E0D0A2020202020203C2F62706D6E64693A42504D4E456467653E0D0A2020202020203C62706D6E64693A42504D4E456467652062706D6E456C656D656E743D225F38222069643D2242504D4E456467655F5F382220736F75726365456C656D656E743D225F342220746172676574456C656D656E743D225F35223E0D0A20202020202020203C6F6D6764693A776179706F696E7420783D223236322E352220793D223132302E30222F3E0D0A20202020202020203C6F6D6764693A776179706F696E7420783D223236322E352220793D223230302E30222F3E0D0A20202020202020203C62706D6E64693A42504D4E4C6162656C3E0D0A202020202020202020203C6F6D6764633A426F756E6473206865696768743D22302E30222077696474683D22302E302220783D22302E302220793D22302E30222F3E0D0A20202020202020203C2F62706D6E64693A42504D4E4C6162656C3E0D0A2020202020203C2F62706D6E64693A42504D4E456467653E0D0A2020202020203C62706D6E64693A42504D4E456467652062706D6E456C656D656E743D225F39222069643D2242504D4E456467655F5F392220736F75726365456C656D656E743D225F352220746172676574456C656D656E743D225F36223E0D0A20202020202020203C6F6D6764693A776179706F696E7420783D223236302E302220793D223235352E30222F3E0D0A20202020202020203C6F6D6764693A776179706F696E7420783D223236302E302220793D223333352E30222F3E0D0A20202020202020203C62706D6E64693A42504D4E4C6162656C3E0D0A202020202020202020203C6F6D6764633A426F756E6473206865696768743D22302E30222077696474683D22302E302220783D22302E302220793D22302E30222F3E0D0A20202020202020203C2F62706D6E64693A42504D4E4C6162656C3E0D0A2020202020203C2F62706D6E64693A42504D4E456467653E0D0A2020202020203C62706D6E64693A42504D4E456467652062706D6E456C656D656E743D225F3131222069643D2242504D4E456467655F5F31312220736F75726365456C656D656E743D225F362220746172676574456C656D656E743D225F33223E0D0A20202020202020203C6F6D6764693A776179706F696E7420783D223235362E302220793D223339302E30222F3E0D0A20202020202020203C6F6D6764693A776179706F696E7420783D223235362E302220793D223437302E30222F3E0D0A20202020202020203C62706D6E64693A42504D4E4C6162656C3E0D0A202020202020202020203C6F6D6764633A426F756E6473206865696768743D22302E30222077696474683D22302E302220783D22302E302220793D22302E30222F3E0D0A20202020202020203C2F62706D6E64693A42504D4E4C6162656C3E0D0A2020202020203C2F62706D6E64693A42504D4E456467653E0D0A2020202020203C62706D6E64693A42504D4E456467652062706D6E456C656D656E743D225F3130222069643D2242504D4E456467655F5F31302220736F75726365456C656D656E743D225F352220746172676574456C656D656E743D225F34223E0D0A20202020202020203C6F6D6764693A776179706F696E7420783D223330352E302220793D223232372E35222F3E0D0A20202020202020203C6F6D6764693A776179706F696E7420783D223430352E302220793D223137302E30222F3E0D0A20202020202020203C6F6D6764693A776179706F696E7420783D223330352E302220793D2239322E35222F3E0D0A20202020202020203C62706D6E64693A42504D4E4C6162656C3E0D0A202020202020202020203C6F6D6764633A426F756E6473206865696768743D22302E30222077696474683D22302E302220783D22302E302220793D22302E30222F3E0D0A20202020202020203C2F62706D6E64693A42504D4E4C6162656C3E0D0A2020202020203C2F62706D6E64693A42504D4E456467653E0D0A202020203C2F62706D6E64693A42504D4E506C616E653E0D0A20203C2F62706D6E64693A42504D4E4469616772616D3E0D0A3C2F646566696E6974696F6E733E0D0A, '0');

-- ----------------------------
-- Table structure for `act_ge_property`
-- ----------------------------
DROP TABLE IF EXISTS `act_ge_property`;
CREATE TABLE `act_ge_property` (
  `NAME_` varchar(64) COLLATE utf8_bin NOT NULL DEFAULT '',
  `VALUE_` varchar(300) COLLATE utf8_bin DEFAULT NULL,
  `REV_` int(11) DEFAULT NULL,
  PRIMARY KEY (`NAME_`)
) ENGINE=InnoDB DEFAULT CHARSET=utf8 COLLATE=utf8_bin;

-- ----------------------------
-- Records of act_ge_property
-- ----------------------------
INSERT INTO `act_ge_property` VALUES ('next.dbid', '10001', '5');
INSERT INTO `act_ge_property` VALUES ('schema.history', 'create(5.18.0.0)', '1');
INSERT INTO `act_ge_property` VALUES ('schema.version', '5.18.0.0', '1');

-- ----------------------------
-- Table structure for `act_hi_actinst`
-- ----------------------------
DROP TABLE IF EXISTS `act_hi_actinst`;
CREATE TABLE `act_hi_actinst` (
  `ID_` varchar(64) COLLATE utf8_bin NOT NULL,
  `PROC_DEF_ID_` varchar(64) COLLATE utf8_bin NOT NULL,
  `PROC_INST_ID_` varchar(64) COLLATE utf8_bin NOT NULL,
  `EXECUTION_ID_` varchar(64) COLLATE utf8_bin NOT NULL,
  `ACT_ID_` varchar(255) COLLATE utf8_bin NOT NULL,
  `TASK_ID_` varchar(64) COLLATE utf8_bin DEFAULT NULL,
  `CALL_PROC_INST_ID_` varchar(64) COLLATE utf8_bin DEFAULT NULL,
  `ACT_NAME_` varchar(255) COLLATE utf8_bin DEFAULT NULL,
  `ACT_TYPE_` varchar(255) COLLATE utf8_bin NOT NULL,
  `ASSIGNEE_` varchar(255) COLLATE utf8_bin DEFAULT NULL,
  `START_TIME_` datetime NOT NULL,
  `END_TIME_` datetime DEFAULT NULL,
  `DURATION_` bigint(20) DEFAULT NULL,
  `TENANT_ID_` varchar(255) COLLATE utf8_bin DEFAULT '',
  PRIMARY KEY (`ID_`),
  KEY `ACT_IDX_HI_ACT_INST_START` (`START_TIME_`),
  KEY `ACT_IDX_HI_ACT_INST_END` (`END_TIME_`),
  KEY `ACT_IDX_HI_ACT_INST_PROCINST` (`PROC_INST_ID_`,`ACT_ID_`),
  KEY `ACT_IDX_HI_ACT_INST_EXEC` (`EXECUTION_ID_`,`ACT_ID_`)
) ENGINE=InnoDB DEFAULT CHARSET=utf8 COLLATE=utf8_bin;

-- ----------------------------
-- Records of act_hi_actinst
-- ----------------------------
INSERT INTO `act_hi_actinst` VALUES ('12', 'LeaveBill:1:4', '5', '5', '_5', '13', null, '主管审批', 'userTask', 'user2', '2018-11-01 09:18:05', '2018-11-01 14:52:50', '20085063', '');
INSERT INTO `act_hi_actinst` VALUES ('2503', 'LeaveBill:1:4', '5', '5', '_6', '2504', null, '院长审批', 'userTask', 'user4', '2018-11-01 14:52:50', '2018-11-01 15:30:56', '2286865', '');
INSERT INTO `act_hi_actinst` VALUES ('5002', 'LeaveBill:1:4', '5', '5', '_3', null, null, 'EndEvent', 'endEvent', null, '2018-11-01 15:30:56', '2018-11-01 15:30:56', '0', '');
INSERT INTO `act_hi_actinst` VALUES ('5004', 'LeaveBill:1:4', '5003', '5003', '_2', null, null, 'StartEvent', 'startEvent', null, '2018-11-01 15:32:36', '2018-11-01 15:32:36', '1', '');
INSERT INTO `act_hi_actinst` VALUES ('5007', 'LeaveBill:1:4', '5003', '5003', '_4', '5008', null, '班主任提交申请', 'userTask', 'user1', '2018-11-01 15:32:36', '2018-11-01 15:32:36', '998', '');
INSERT INTO `act_hi_actinst` VALUES ('5010', 'LeaveBill:1:4', '5003', '5003', '_5', '5011', null, '主管审批', 'userTask', 'user2', '2018-11-01 15:32:36', '2018-11-01 15:33:31', '55260', '');
INSERT INTO `act_hi_actinst` VALUES ('5015', 'LeaveBill:1:4', '5003', '5003', '_4', '5016', null, '班主任提交申请', 'userTask', 'user1', '2018-11-01 15:33:31', null, null, '');
INSERT INTO `act_hi_actinst` VALUES ('5018', 'LeaveBill:1:4', '5017', '5017', '_2', null, null, 'StartEvent', 'startEvent', null, '2018-11-01 15:34:24', '2018-11-01 15:34:24', '0', '');
INSERT INTO `act_hi_actinst` VALUES ('5021', 'LeaveBill:1:4', '5017', '5017', '_4', '5022', null, '班主任提交申请', 'userTask', 'user1', '2018-11-01 15:34:24', '2018-11-01 15:34:24', '489', '');
INSERT INTO `act_hi_actinst` VALUES ('5024', 'LeaveBill:1:4', '5017', '5017', '_5', '5025', null, '主管审批', 'userTask', 'user2', '2018-11-01 15:34:24', '2018-11-01 15:34:54', '30568', '');
INSERT INTO `act_hi_actinst` VALUES ('5029', 'LeaveBill:1:4', '5017', '5017', '_4', '5030', null, '班主任提交申请', 'userTask', 'user1', '2018-11-01 15:34:54', null, null, '');
INSERT INTO `act_hi_actinst` VALUES ('6', 'LeaveBill:1:4', '5', '5', '_2', null, null, 'StartEvent', 'startEvent', null, '2018-11-01 09:18:05', '2018-11-01 09:18:05', '13', '');
INSERT INTO `act_hi_actinst` VALUES ('7502', 'LeaveBill:1:4', '7501', '7501', '_2', null, null, 'StartEvent', 'startEvent', null, '2018-11-01 15:49:33', '2018-11-01 15:49:33', '15', '');
INSERT INTO `act_hi_actinst` VALUES ('7505', 'LeaveBill:1:4', '7501', '7501', '_4', '7506', null, '班主任提交申请', 'userTask', 'user1', '2018-11-01 15:49:33', '2018-11-01 15:49:33', '750', '');
INSERT INTO `act_hi_actinst` VALUES ('7508', 'LeaveBill:1:4', '7501', '7501', '_5', '7509', null, '主管审批', 'userTask', 'user2', '2018-11-01 15:49:33', '2018-11-01 15:50:24', '51314', '');
INSERT INTO `act_hi_actinst` VALUES ('7513', 'LeaveBill:1:4', '7501', '7501', '_6', '7514', null, '院长审批', 'userTask', 'user4', '2018-11-01 15:50:24', null, null, '');
INSERT INTO `act_hi_actinst` VALUES ('9', 'LeaveBill:1:4', '5', '5', '_4', '10', null, '班主任提交申请', 'userTask', 'user1', '2018-11-01 09:18:05', '2018-11-01 09:18:05', '854', '');

-- ----------------------------
-- Table structure for `act_hi_attachment`
-- ----------------------------
DROP TABLE IF EXISTS `act_hi_attachment`;
CREATE TABLE `act_hi_attachment` (
  `ID_` varchar(64) COLLATE utf8_bin NOT NULL,
  `REV_` int(11) DEFAULT NULL,
  `USER_ID_` varchar(255) COLLATE utf8_bin DEFAULT NULL,
  `NAME_` varchar(255) COLLATE utf8_bin DEFAULT NULL,
  `DESCRIPTION_` varchar(4000) COLLATE utf8_bin DEFAULT NULL,
  `TYPE_` varchar(255) COLLATE utf8_bin DEFAULT NULL,
  `TASK_ID_` varchar(64) COLLATE utf8_bin DEFAULT NULL,
  `PROC_INST_ID_` varchar(64) COLLATE utf8_bin DEFAULT NULL,
  `URL_` varchar(4000) COLLATE utf8_bin DEFAULT NULL,
  `CONTENT_ID_` varchar(64) COLLATE utf8_bin DEFAULT NULL,
  `TIME_` datetime DEFAULT NULL,
  PRIMARY KEY (`ID_`)
) ENGINE=InnoDB DEFAULT CHARSET=utf8 COLLATE=utf8_bin;

-- ----------------------------
-- Records of act_hi_attachment
-- ----------------------------

-- ----------------------------
-- Table structure for `act_hi_comment`
-- ----------------------------
DROP TABLE IF EXISTS `act_hi_comment`;
CREATE TABLE `act_hi_comment` (
  `ID_` varchar(64) COLLATE utf8_bin NOT NULL,
  `TYPE_` varchar(255) COLLATE utf8_bin DEFAULT NULL,
  `TIME_` datetime NOT NULL,
  `USER_ID_` varchar(255) COLLATE utf8_bin DEFAULT NULL,
  `TASK_ID_` varchar(64) COLLATE utf8_bin DEFAULT NULL,
  `PROC_INST_ID_` varchar(64) COLLATE utf8_bin DEFAULT NULL,
  `ACTION_` varchar(255) COLLATE utf8_bin DEFAULT NULL,
  `MESSAGE_` varchar(4000) COLLATE utf8_bin DEFAULT NULL,
  `FULL_MSG_` longblob,
  PRIMARY KEY (`ID_`)
) ENGINE=InnoDB DEFAULT CHARSET=utf8 COLLATE=utf8_bin;

-- ----------------------------
-- Records of act_hi_comment
-- ----------------------------
INSERT INTO `act_hi_comment` VALUES ('2501', 'comment', '2018-11-01 14:52:49', 'user2', '13', '5', 'AddComment', '可以，回来受惩罚', 0xBFC9D2D4A3ACBBD8C0B4CADCB3CDB7A3);
INSERT INTO `act_hi_comment` VALUES ('5001', 'comment', '2018-11-01 15:30:56', 'user4', '2504', '5', 'AddComment', '院长说可以', 0xD4BAB3A4CBB5BFC9D2D4);
INSERT INTO `act_hi_comment` VALUES ('5013', 'comment', '2018-11-01 15:33:31', 'user2', '5011', '5003', 'AddComment', '不行', 0xB2BBD0D0);
INSERT INTO `act_hi_comment` VALUES ('5027', 'comment', '2018-11-01 15:34:54', 'user2', '5025', '5017', 'AddComment', '', '');
INSERT INTO `act_hi_comment` VALUES ('7511', 'comment', '2018-11-01 15:50:24', 'user2', '7509', '7501', 'AddComment', 'ZHUGUANSHENPI', 0x5A48554755414E5348454E5049);

-- ----------------------------
-- Table structure for `act_hi_detail`
-- ----------------------------
DROP TABLE IF EXISTS `act_hi_detail`;
CREATE TABLE `act_hi_detail` (
  `ID_` varchar(64) COLLATE utf8_bin NOT NULL,
  `TYPE_` varchar(255) COLLATE utf8_bin NOT NULL,
  `PROC_INST_ID_` varchar(64) COLLATE utf8_bin DEFAULT NULL,
  `EXECUTION_ID_` varchar(64) COLLATE utf8_bin DEFAULT NULL,
  `TASK_ID_` varchar(64) COLLATE utf8_bin DEFAULT NULL,
  `ACT_INST_ID_` varchar(64) COLLATE utf8_bin DEFAULT NULL,
  `NAME_` varchar(255) COLLATE utf8_bin NOT NULL,
  `VAR_TYPE_` varchar(255) COLLATE utf8_bin DEFAULT NULL,
  `REV_` int(11) DEFAULT NULL,
  `TIME_` datetime NOT NULL,
  `BYTEARRAY_ID_` varchar(64) COLLATE utf8_bin DEFAULT NULL,
  `DOUBLE_` double DEFAULT NULL,
  `LONG_` bigint(20) DEFAULT NULL,
  `TEXT_` varchar(4000) COLLATE utf8_bin DEFAULT NULL,
  `TEXT2_` varchar(4000) COLLATE utf8_bin DEFAULT NULL,
  PRIMARY KEY (`ID_`),
  KEY `ACT_IDX_HI_DETAIL_PROC_INST` (`PROC_INST_ID_`),
  KEY `ACT_IDX_HI_DETAIL_ACT_INST` (`ACT_INST_ID_`),
  KEY `ACT_IDX_HI_DETAIL_TIME` (`TIME_`),
  KEY `ACT_IDX_HI_DETAIL_NAME` (`NAME_`),
  KEY `ACT_IDX_HI_DETAIL_TASK_ID` (`TASK_ID_`)
) ENGINE=InnoDB DEFAULT CHARSET=utf8 COLLATE=utf8_bin;

-- ----------------------------
-- Records of act_hi_detail
-- ----------------------------

-- ----------------------------
-- Table structure for `act_hi_identitylink`
-- ----------------------------
DROP TABLE IF EXISTS `act_hi_identitylink`;
CREATE TABLE `act_hi_identitylink` (
  `ID_` varchar(64) COLLATE utf8_bin NOT NULL DEFAULT '',
  `GROUP_ID_` varchar(255) COLLATE utf8_bin DEFAULT NULL,
  `TYPE_` varchar(255) COLLATE utf8_bin DEFAULT NULL,
  `USER_ID_` varchar(255) COLLATE utf8_bin DEFAULT NULL,
  `TASK_ID_` varchar(64) COLLATE utf8_bin DEFAULT NULL,
  `PROC_INST_ID_` varchar(64) COLLATE utf8_bin DEFAULT NULL,
  PRIMARY KEY (`ID_`),
  KEY `ACT_IDX_HI_IDENT_LNK_USER` (`USER_ID_`),
  KEY `ACT_IDX_HI_IDENT_LNK_TASK` (`TASK_ID_`),
  KEY `ACT_IDX_HI_IDENT_LNK_PROCINST` (`PROC_INST_ID_`)
) ENGINE=InnoDB DEFAULT CHARSET=utf8 COLLATE=utf8_bin;

-- ----------------------------
-- Records of act_hi_identitylink
-- ----------------------------
INSERT INTO `act_hi_identitylink` VALUES ('11', null, 'participant', 'user1', null, '5');
INSERT INTO `act_hi_identitylink` VALUES ('14', null, 'participant', 'user2', null, '5');
INSERT INTO `act_hi_identitylink` VALUES ('2505', null, 'participant', 'user4', null, '5');
INSERT INTO `act_hi_identitylink` VALUES ('5009', null, 'participant', 'user1', null, '5003');
INSERT INTO `act_hi_identitylink` VALUES ('5012', null, 'participant', 'user2', null, '5003');
INSERT INTO `act_hi_identitylink` VALUES ('5023', null, 'participant', 'user1', null, '5017');
INSERT INTO `act_hi_identitylink` VALUES ('5026', null, 'participant', 'user2', null, '5017');
INSERT INTO `act_hi_identitylink` VALUES ('7507', null, 'participant', 'user1', null, '7501');
INSERT INTO `act_hi_identitylink` VALUES ('7510', null, 'participant', 'user2', null, '7501');
INSERT INTO `act_hi_identitylink` VALUES ('7515', null, 'participant', 'user4', null, '7501');

-- ----------------------------
-- Table structure for `act_hi_procinst`
-- ----------------------------
DROP TABLE IF EXISTS `act_hi_procinst`;
CREATE TABLE `act_hi_procinst` (
  `ID_` varchar(64) COLLATE utf8_bin NOT NULL,
  `PROC_INST_ID_` varchar(64) COLLATE utf8_bin NOT NULL,
  `BUSINESS_KEY_` varchar(255) COLLATE utf8_bin DEFAULT NULL,
  `PROC_DEF_ID_` varchar(64) COLLATE utf8_bin NOT NULL,
  `START_TIME_` datetime NOT NULL,
  `END_TIME_` datetime DEFAULT NULL,
  `DURATION_` bigint(20) DEFAULT NULL,
  `START_USER_ID_` varchar(255) COLLATE utf8_bin DEFAULT NULL,
  `START_ACT_ID_` varchar(255) COLLATE utf8_bin DEFAULT NULL,
  `END_ACT_ID_` varchar(255) COLLATE utf8_bin DEFAULT NULL,
  `SUPER_PROCESS_INSTANCE_ID_` varchar(64) COLLATE utf8_bin DEFAULT NULL,
  `DELETE_REASON_` varchar(4000) COLLATE utf8_bin DEFAULT NULL,
  `TENANT_ID_` varchar(255) COLLATE utf8_bin DEFAULT '',
  `NAME_` varchar(255) COLLATE utf8_bin DEFAULT NULL,
  PRIMARY KEY (`ID_`),
  UNIQUE KEY `PROC_INST_ID_` (`PROC_INST_ID_`),
  KEY `ACT_IDX_HI_PRO_INST_END` (`END_TIME_`),
  KEY `ACT_IDX_HI_PRO_I_BUSKEY` (`BUSINESS_KEY_`)
) ENGINE=InnoDB DEFAULT CHARSET=utf8 COLLATE=utf8_bin;

-- ----------------------------
-- Records of act_hi_procinst
-- ----------------------------
INSERT INTO `act_hi_procinst` VALUES ('5', '5', 'LeaveBill.1', 'LeaveBill:1:4', '2018-11-01 09:18:05', '2018-11-01 15:30:56', '22371868', null, '_2', '_3', null, null, '', null);
INSERT INTO `act_hi_procinst` VALUES ('5003', '5003', 'LeaveBill.5', 'LeaveBill:1:4', '2018-11-01 15:32:36', null, null, null, '_2', null, null, null, '', null);
INSERT INTO `act_hi_procinst` VALUES ('5017', '5017', 'LeaveBill.3', 'LeaveBill:1:4', '2018-11-01 15:34:24', null, null, null, '_2', null, null, null, '', null);
INSERT INTO `act_hi_procinst` VALUES ('7501', '7501', 'LeaveBill.2', 'LeaveBill:1:4', '2018-11-01 15:49:33', null, null, null, '_2', null, null, null, '', null);

-- ----------------------------
-- Table structure for `act_hi_taskinst`
-- ----------------------------
DROP TABLE IF EXISTS `act_hi_taskinst`;
CREATE TABLE `act_hi_taskinst` (
  `ID_` varchar(64) COLLATE utf8_bin NOT NULL,
  `PROC_DEF_ID_` varchar(64) COLLATE utf8_bin DEFAULT NULL,
  `TASK_DEF_KEY_` varchar(255) COLLATE utf8_bin DEFAULT NULL,
  `PROC_INST_ID_` varchar(64) COLLATE utf8_bin DEFAULT NULL,
  `EXECUTION_ID_` varchar(64) COLLATE utf8_bin DEFAULT NULL,
  `NAME_` varchar(255) COLLATE utf8_bin DEFAULT NULL,
  `PARENT_TASK_ID_` varchar(64) COLLATE utf8_bin DEFAULT NULL,
  `DESCRIPTION_` varchar(4000) COLLATE utf8_bin DEFAULT NULL,
  `OWNER_` varchar(255) COLLATE utf8_bin DEFAULT NULL,
  `ASSIGNEE_` varchar(255) COLLATE utf8_bin DEFAULT NULL,
  `START_TIME_` datetime NOT NULL,
  `CLAIM_TIME_` datetime DEFAULT NULL,
  `END_TIME_` datetime DEFAULT NULL,
  `DURATION_` bigint(20) DEFAULT NULL,
  `DELETE_REASON_` varchar(4000) COLLATE utf8_bin DEFAULT NULL,
  `PRIORITY_` int(11) DEFAULT NULL,
  `DUE_DATE_` datetime DEFAULT NULL,
  `FORM_KEY_` varchar(255) COLLATE utf8_bin DEFAULT NULL,
  `CATEGORY_` varchar(255) COLLATE utf8_bin DEFAULT NULL,
  `TENANT_ID_` varchar(255) COLLATE utf8_bin DEFAULT '',
  PRIMARY KEY (`ID_`),
  KEY `ACT_IDX_HI_TASK_INST_PROCINST` (`PROC_INST_ID_`)
) ENGINE=InnoDB DEFAULT CHARSET=utf8 COLLATE=utf8_bin;

-- ----------------------------
-- Records of act_hi_taskinst
-- ----------------------------
INSERT INTO `act_hi_taskinst` VALUES ('10', 'LeaveBill:1:4', '_4', '5', '5', '班主任提交申请', null, null, null, 'user1', '2018-11-01 09:18:05', null, '2018-11-01 09:18:05', '833', 'completed', '50', null, null, null, '');
INSERT INTO `act_hi_taskinst` VALUES ('13', 'LeaveBill:1:4', '_5', '5', '5', '主管审批', null, null, null, 'user2', '2018-11-01 09:18:05', null, '2018-11-01 14:52:50', '20085036', 'completed', '50', null, 'shenpi', null, '');
INSERT INTO `act_hi_taskinst` VALUES ('2504', 'LeaveBill:1:4', '_6', '5', '5', '院长审批', null, null, null, 'user4', '2018-11-01 14:52:50', null, '2018-11-01 15:30:56', '2286842', 'completed', '50', null, 'shenpi', null, '');
INSERT INTO `act_hi_taskinst` VALUES ('5008', 'LeaveBill:1:4', '_4', '5003', '5003', '班主任提交申请', null, null, null, 'user1', '2018-11-01 15:32:36', null, '2018-11-01 15:32:36', '994', 'completed', '50', null, null, null, '');
INSERT INTO `act_hi_taskinst` VALUES ('5011', 'LeaveBill:1:4', '_5', '5003', '5003', '主管审批', null, null, null, 'user2', '2018-11-01 15:32:36', null, '2018-11-01 15:33:31', '55257', 'completed', '50', null, 'shenpi', null, '');
INSERT INTO `act_hi_taskinst` VALUES ('5016', 'LeaveBill:1:4', '_4', '5003', '5003', '班主任提交申请', null, null, null, 'user1', '2018-11-01 15:33:31', null, null, null, null, '50', null, null, null, '');
INSERT INTO `act_hi_taskinst` VALUES ('5022', 'LeaveBill:1:4', '_4', '5017', '5017', '班主任提交申请', null, null, null, 'user1', '2018-11-01 15:34:24', null, '2018-11-01 15:34:24', '485', 'completed', '50', null, null, null, '');
INSERT INTO `act_hi_taskinst` VALUES ('5025', 'LeaveBill:1:4', '_5', '5017', '5017', '主管审批', null, null, null, 'user2', '2018-11-01 15:34:24', null, '2018-11-01 15:34:54', '30565', 'completed', '50', null, 'shenpi', null, '');
INSERT INTO `act_hi_taskinst` VALUES ('5030', 'LeaveBill:1:4', '_4', '5017', '5017', '班主任提交申请', null, null, null, 'user1', '2018-11-01 15:34:54', null, null, null, null, '50', null, null, null, '');
INSERT INTO `act_hi_taskinst` VALUES ('7506', 'LeaveBill:1:4', '_4', '7501', '7501', '班主任提交申请', null, null, null, 'user1', '2018-11-01 15:49:33', null, '2018-11-01 15:49:33', '743', 'completed', '50', null, null, null, '');
INSERT INTO `act_hi_taskinst` VALUES ('7509', 'LeaveBill:1:4', '_5', '7501', '7501', '主管审批', null, null, null, 'user2', '2018-11-01 15:49:33', null, '2018-11-01 15:50:24', '51310', 'completed', '50', null, 'shenpi', null, '');
INSERT INTO `act_hi_taskinst` VALUES ('7514', 'LeaveBill:1:4', '_6', '7501', '7501', '院长审批', null, null, null, 'user4', '2018-11-01 15:50:24', null, null, null, null, '50', null, 'shenpi', null, '');

-- ----------------------------
-- Table structure for `act_hi_varinst`
-- ----------------------------
DROP TABLE IF EXISTS `act_hi_varinst`;
CREATE TABLE `act_hi_varinst` (
  `ID_` varchar(64) COLLATE utf8_bin NOT NULL,
  `PROC_INST_ID_` varchar(64) COLLATE utf8_bin DEFAULT NULL,
  `EXECUTION_ID_` varchar(64) COLLATE utf8_bin DEFAULT NULL,
  `TASK_ID_` varchar(64) COLLATE utf8_bin DEFAULT NULL,
  `NAME_` varchar(255) COLLATE utf8_bin NOT NULL,
  `VAR_TYPE_` varchar(100) COLLATE utf8_bin DEFAULT NULL,
  `REV_` int(11) DEFAULT NULL,
  `BYTEARRAY_ID_` varchar(64) COLLATE utf8_bin DEFAULT NULL,
  `DOUBLE_` double DEFAULT NULL,
  `LONG_` bigint(20) DEFAULT NULL,
  `TEXT_` varchar(4000) COLLATE utf8_bin DEFAULT NULL,
  `TEXT2_` varchar(4000) COLLATE utf8_bin DEFAULT NULL,
  `CREATE_TIME_` datetime DEFAULT NULL,
  `LAST_UPDATED_TIME_` datetime DEFAULT NULL,
  PRIMARY KEY (`ID_`),
  KEY `ACT_IDX_HI_PROCVAR_PROC_INST` (`PROC_INST_ID_`),
  KEY `ACT_IDX_HI_PROCVAR_NAME_TYPE` (`NAME_`,`VAR_TYPE_`),
  KEY `ACT_IDX_HI_PROCVAR_TASK_ID` (`TASK_ID_`)
) ENGINE=InnoDB DEFAULT CHARSET=utf8 COLLATE=utf8_bin;

-- ----------------------------
-- Records of act_hi_varinst
-- ----------------------------
INSERT INTO `act_hi_varinst` VALUES ('2502', '5', '5', null, 'rs', 'string', '1', null, null, null, '通过', null, '2018-11-01 14:52:50', '2018-11-01 15:30:56');
INSERT INTO `act_hi_varinst` VALUES ('5005', '5003', '5003', null, 'busid', 'string', '0', null, null, null, 'LeaveBill.5', null, '2018-11-01 15:32:36', '2018-11-01 15:32:36');
INSERT INTO `act_hi_varinst` VALUES ('5006', '5003', '5003', null, 'username', 'string', '0', null, null, null, 'user1', null, '2018-11-01 15:32:36', '2018-11-01 15:32:36');
INSERT INTO `act_hi_varinst` VALUES ('5014', '5003', '5003', null, 'rs', 'string', '0', null, null, null, '驳回', null, '2018-11-01 15:33:31', '2018-11-01 15:33:31');
INSERT INTO `act_hi_varinst` VALUES ('5019', '5017', '5017', null, 'busid', 'string', '0', null, null, null, 'LeaveBill.3', null, '2018-11-01 15:34:24', '2018-11-01 15:34:24');
INSERT INTO `act_hi_varinst` VALUES ('5020', '5017', '5017', null, 'username', 'string', '0', null, null, null, 'user1', null, '2018-11-01 15:34:24', '2018-11-01 15:34:24');
INSERT INTO `act_hi_varinst` VALUES ('5028', '5017', '5017', null, 'rs', 'string', '0', null, null, null, '驳回', null, '2018-11-01 15:34:54', '2018-11-01 15:34:54');
INSERT INTO `act_hi_varinst` VALUES ('7', '5', '5', null, 'busid', 'string', '1', null, null, null, 'LeaveBill.1', null, '2018-11-01 09:18:05', '2018-11-01 15:30:56');
INSERT INTO `act_hi_varinst` VALUES ('7503', '7501', '7501', null, 'busid', 'string', '0', null, null, null, 'LeaveBill.2', null, '2018-11-01 15:49:33', '2018-11-01 15:49:33');
INSERT INTO `act_hi_varinst` VALUES ('7504', '7501', '7501', null, 'username', 'string', '0', null, null, null, 'user1', null, '2018-11-01 15:49:33', '2018-11-01 15:49:33');
INSERT INTO `act_hi_varinst` VALUES ('7512', '7501', '7501', null, 'rs', 'string', '0', null, null, null, '通过', null, '2018-11-01 15:50:24', '2018-11-01 15:50:24');
INSERT INTO `act_hi_varinst` VALUES ('8', '5', '5', null, 'username', 'string', '1', null, null, null, 'user1', null, '2018-11-01 09:18:05', '2018-11-01 15:30:56');

-- ----------------------------
-- Table structure for `act_id_group`
-- ----------------------------
DROP TABLE IF EXISTS `act_id_group`;
CREATE TABLE `act_id_group` (
  `ID_` varchar(64) COLLATE utf8_bin NOT NULL DEFAULT '',
  `REV_` int(11) DEFAULT NULL,
  `NAME_` varchar(255) COLLATE utf8_bin DEFAULT NULL,
  `TYPE_` varchar(255) COLLATE utf8_bin DEFAULT NULL,
  PRIMARY KEY (`ID_`)
) ENGINE=InnoDB DEFAULT CHARSET=utf8 COLLATE=utf8_bin;

-- ----------------------------
-- Records of act_id_group
-- ----------------------------

-- ----------------------------
-- Table structure for `act_id_info`
-- ----------------------------
DROP TABLE IF EXISTS `act_id_info`;
CREATE TABLE `act_id_info` (
  `ID_` varchar(64) COLLATE utf8_bin NOT NULL DEFAULT '',
  `REV_` int(11) DEFAULT NULL,
  `USER_ID_` varchar(64) COLLATE utf8_bin DEFAULT NULL,
  `TYPE_` varchar(64) COLLATE utf8_bin DEFAULT NULL,
  `KEY_` varchar(255) COLLATE utf8_bin DEFAULT NULL,
  `VALUE_` varchar(255) COLLATE utf8_bin DEFAULT NULL,
  `PASSWORD_` longblob,
  `PARENT_ID_` varchar(255) COLLATE utf8_bin DEFAULT NULL,
  PRIMARY KEY (`ID_`)
) ENGINE=InnoDB DEFAULT CHARSET=utf8 COLLATE=utf8_bin;

-- ----------------------------
-- Records of act_id_info
-- ----------------------------

-- ----------------------------
-- Table structure for `act_id_membership`
-- ----------------------------
DROP TABLE IF EXISTS `act_id_membership`;
CREATE TABLE `act_id_membership` (
  `USER_ID_` varchar(64) COLLATE utf8_bin NOT NULL DEFAULT '',
  `GROUP_ID_` varchar(64) COLLATE utf8_bin NOT NULL DEFAULT '',
  PRIMARY KEY (`USER_ID_`,`GROUP_ID_`),
  KEY `ACT_FK_MEMB_GROUP` (`GROUP_ID_`),
  CONSTRAINT `ACT_FK_MEMB_USER` FOREIGN KEY (`USER_ID_`) REFERENCES `act_id_user` (`ID_`),
  CONSTRAINT `ACT_FK_MEMB_GROUP` FOREIGN KEY (`GROUP_ID_`) REFERENCES `act_id_group` (`ID_`)
) ENGINE=InnoDB DEFAULT CHARSET=utf8 COLLATE=utf8_bin;

-- ----------------------------
-- Records of act_id_membership
-- ----------------------------

-- ----------------------------
-- Table structure for `act_id_user`
-- ----------------------------
DROP TABLE IF EXISTS `act_id_user`;
CREATE TABLE `act_id_user` (
  `ID_` varchar(64) COLLATE utf8_bin NOT NULL DEFAULT '',
  `REV_` int(11) DEFAULT NULL,
  `FIRST_` varchar(255) COLLATE utf8_bin DEFAULT NULL,
  `LAST_` varchar(255) COLLATE utf8_bin DEFAULT NULL,
  `EMAIL_` varchar(255) COLLATE utf8_bin DEFAULT NULL,
  `PWD_` varchar(255) COLLATE utf8_bin DEFAULT NULL,
  `PICTURE_ID_` varchar(64) COLLATE utf8_bin DEFAULT NULL,
  PRIMARY KEY (`ID_`)
) ENGINE=InnoDB DEFAULT CHARSET=utf8 COLLATE=utf8_bin;

-- ----------------------------
-- Records of act_id_user
-- ----------------------------

-- ----------------------------
-- Table structure for `act_re_deployment`
-- ----------------------------
DROP TABLE IF EXISTS `act_re_deployment`;
CREATE TABLE `act_re_deployment` (
  `ID_` varchar(64) COLLATE utf8_bin NOT NULL DEFAULT '',
  `NAME_` varchar(255) COLLATE utf8_bin DEFAULT NULL,
  `CATEGORY_` varchar(255) COLLATE utf8_bin DEFAULT NULL,
  `TENANT_ID_` varchar(255) COLLATE utf8_bin DEFAULT '',
  `DEPLOY_TIME_` timestamp NOT NULL DEFAULT CURRENT_TIMESTAMP ON UPDATE CURRENT_TIMESTAMP,
  PRIMARY KEY (`ID_`)
) ENGINE=InnoDB DEFAULT CHARSET=utf8 COLLATE=utf8_bin;

-- ----------------------------
-- Records of act_re_deployment
-- ----------------------------
INSERT INTO `act_re_deployment` VALUES ('1', 'aaaa', null, '', '2018-11-01 09:16:50');

-- ----------------------------
-- Table structure for `act_re_model`
-- ----------------------------
DROP TABLE IF EXISTS `act_re_model`;
CREATE TABLE `act_re_model` (
  `ID_` varchar(64) COLLATE utf8_bin NOT NULL,
  `REV_` int(11) DEFAULT NULL,
  `NAME_` varchar(255) COLLATE utf8_bin DEFAULT NULL,
  `KEY_` varchar(255) COLLATE utf8_bin DEFAULT NULL,
  `CATEGORY_` varchar(255) COLLATE utf8_bin DEFAULT NULL,
  `CREATE_TIME_` timestamp NULL DEFAULT NULL,
  `LAST_UPDATE_TIME_` timestamp NULL DEFAULT NULL,
  `VERSION_` int(11) DEFAULT NULL,
  `META_INFO_` varchar(4000) COLLATE utf8_bin DEFAULT NULL,
  `DEPLOYMENT_ID_` varchar(64) COLLATE utf8_bin DEFAULT NULL,
  `EDITOR_SOURCE_VALUE_ID_` varchar(64) COLLATE utf8_bin DEFAULT NULL,
  `EDITOR_SOURCE_EXTRA_VALUE_ID_` varchar(64) COLLATE utf8_bin DEFAULT NULL,
  `TENANT_ID_` varchar(255) COLLATE utf8_bin DEFAULT '',
  PRIMARY KEY (`ID_`),
  KEY `ACT_FK_MODEL_SOURCE` (`EDITOR_SOURCE_VALUE_ID_`),
  KEY `ACT_FK_MODEL_SOURCE_EXTRA` (`EDITOR_SOURCE_EXTRA_VALUE_ID_`),
  KEY `ACT_FK_MODEL_DEPLOYMENT` (`DEPLOYMENT_ID_`),
  CONSTRAINT `ACT_FK_MODEL_DEPLOYMENT` FOREIGN KEY (`DEPLOYMENT_ID_`) REFERENCES `act_re_deployment` (`ID_`),
  CONSTRAINT `ACT_FK_MODEL_SOURCE` FOREIGN KEY (`EDITOR_SOURCE_VALUE_ID_`) REFERENCES `act_ge_bytearray` (`ID_`),
  CONSTRAINT `ACT_FK_MODEL_SOURCE_EXTRA` FOREIGN KEY (`EDITOR_SOURCE_EXTRA_VALUE_ID_`) REFERENCES `act_ge_bytearray` (`ID_`)
) ENGINE=InnoDB DEFAULT CHARSET=utf8 COLLATE=utf8_bin;

-- ----------------------------
-- Records of act_re_model
-- ----------------------------

-- ----------------------------
-- Table structure for `act_re_procdef`
-- ----------------------------
DROP TABLE IF EXISTS `act_re_procdef`;
CREATE TABLE `act_re_procdef` (
  `ID_` varchar(64) COLLATE utf8_bin NOT NULL,
  `REV_` int(11) DEFAULT NULL,
  `CATEGORY_` varchar(255) COLLATE utf8_bin DEFAULT NULL,
  `NAME_` varchar(255) COLLATE utf8_bin DEFAULT NULL,
  `KEY_` varchar(255) COLLATE utf8_bin NOT NULL,
  `VERSION_` int(11) NOT NULL,
  `DEPLOYMENT_ID_` varchar(64) COLLATE utf8_bin DEFAULT NULL,
  `RESOURCE_NAME_` varchar(4000) COLLATE utf8_bin DEFAULT NULL,
  `DGRM_RESOURCE_NAME_` varchar(4000) COLLATE utf8_bin DEFAULT NULL,
  `DESCRIPTION_` varchar(4000) COLLATE utf8_bin DEFAULT NULL,
  `HAS_START_FORM_KEY_` tinyint(4) DEFAULT NULL,
  `HAS_GRAPHICAL_NOTATION_` tinyint(4) DEFAULT NULL,
  `SUSPENSION_STATE_` int(11) DEFAULT NULL,
  `TENANT_ID_` varchar(255) COLLATE utf8_bin DEFAULT '',
  PRIMARY KEY (`ID_`),
  UNIQUE KEY `ACT_UNIQ_PROCDEF` (`KEY_`,`VERSION_`,`TENANT_ID_`)
) ENGINE=InnoDB DEFAULT CHARSET=utf8 COLLATE=utf8_bin;

-- ----------------------------
-- Records of act_re_procdef
-- ----------------------------
INSERT INTO `act_re_procdef` VALUES ('LeaveBill:1:4', '1', 'http://www.activiti.org/test', null, 'LeaveBill', '1', '1', 'leave.bpmn', 'leave.png', null, '0', '1', '1', '');

-- ----------------------------
-- Table structure for `act_ru_event_subscr`
-- ----------------------------
DROP TABLE IF EXISTS `act_ru_event_subscr`;
CREATE TABLE `act_ru_event_subscr` (
  `ID_` varchar(64) COLLATE utf8_bin NOT NULL,
  `REV_` int(11) DEFAULT NULL,
  `EVENT_TYPE_` varchar(255) COLLATE utf8_bin NOT NULL,
  `EVENT_NAME_` varchar(255) COLLATE utf8_bin DEFAULT NULL,
  `EXECUTION_ID_` varchar(64) COLLATE utf8_bin DEFAULT NULL,
  `PROC_INST_ID_` varchar(64) COLLATE utf8_bin DEFAULT NULL,
  `ACTIVITY_ID_` varchar(64) COLLATE utf8_bin DEFAULT NULL,
  `CONFIGURATION_` varchar(255) COLLATE utf8_bin DEFAULT NULL,
  `CREATED_` timestamp NOT NULL DEFAULT CURRENT_TIMESTAMP,
  `PROC_DEF_ID_` varchar(64) COLLATE utf8_bin DEFAULT NULL,
  `TENANT_ID_` varchar(255) COLLATE utf8_bin DEFAULT '',
  PRIMARY KEY (`ID_`),
  KEY `ACT_IDX_EVENT_SUBSCR_CONFIG_` (`CONFIGURATION_`),
  KEY `ACT_FK_EVENT_EXEC` (`EXECUTION_ID_`),
  CONSTRAINT `ACT_FK_EVENT_EXEC` FOREIGN KEY (`EXECUTION_ID_`) REFERENCES `act_ru_execution` (`ID_`)
) ENGINE=InnoDB DEFAULT CHARSET=utf8 COLLATE=utf8_bin;

-- ----------------------------
-- Records of act_ru_event_subscr
-- ----------------------------

-- ----------------------------
-- Table structure for `act_ru_execution`
-- ----------------------------
DROP TABLE IF EXISTS `act_ru_execution`;
CREATE TABLE `act_ru_execution` (
  `ID_` varchar(64) COLLATE utf8_bin NOT NULL DEFAULT '',
  `REV_` int(11) DEFAULT NULL,
  `PROC_INST_ID_` varchar(64) COLLATE utf8_bin DEFAULT NULL,
  `BUSINESS_KEY_` varchar(255) COLLATE utf8_bin DEFAULT NULL,
  `PARENT_ID_` varchar(64) COLLATE utf8_bin DEFAULT NULL,
  `PROC_DEF_ID_` varchar(64) COLLATE utf8_bin DEFAULT NULL,
  `SUPER_EXEC_` varchar(64) COLLATE utf8_bin DEFAULT NULL,
  `ACT_ID_` varchar(255) COLLATE utf8_bin DEFAULT NULL,
  `IS_ACTIVE_` tinyint(4) DEFAULT NULL,
  `IS_CONCURRENT_` tinyint(4) DEFAULT NULL,
  `IS_SCOPE_` tinyint(4) DEFAULT NULL,
  `IS_EVENT_SCOPE_` tinyint(4) DEFAULT NULL,
  `SUSPENSION_STATE_` int(11) DEFAULT NULL,
  `CACHED_ENT_STATE_` int(11) DEFAULT NULL,
  `TENANT_ID_` varchar(255) COLLATE utf8_bin DEFAULT '',
  `NAME_` varchar(255) COLLATE utf8_bin DEFAULT NULL,
  `LOCK_TIME_` timestamp NULL DEFAULT NULL,
  PRIMARY KEY (`ID_`),
  KEY `ACT_IDX_EXEC_BUSKEY` (`BUSINESS_KEY_`),
  KEY `ACT_FK_EXE_PROCINST` (`PROC_INST_ID_`),
  KEY `ACT_FK_EXE_PARENT` (`PARENT_ID_`),
  KEY `ACT_FK_EXE_SUPER` (`SUPER_EXEC_`),
  KEY `ACT_FK_EXE_PROCDEF` (`PROC_DEF_ID_`),
  CONSTRAINT `ACT_FK_EXE_PROCDEF` FOREIGN KEY (`PROC_DEF_ID_`) REFERENCES `act_re_procdef` (`ID_`),
  CONSTRAINT `ACT_FK_EXE_PARENT` FOREIGN KEY (`PARENT_ID_`) REFERENCES `act_ru_execution` (`ID_`),
  CONSTRAINT `ACT_FK_EXE_PROCINST` FOREIGN KEY (`PROC_INST_ID_`) REFERENCES `act_ru_execution` (`ID_`) ON DELETE CASCADE ON UPDATE CASCADE,
  CONSTRAINT `ACT_FK_EXE_SUPER` FOREIGN KEY (`SUPER_EXEC_`) REFERENCES `act_ru_execution` (`ID_`)
) ENGINE=InnoDB DEFAULT CHARSET=utf8 COLLATE=utf8_bin;

-- ----------------------------
-- Records of act_ru_execution
-- ----------------------------
INSERT INTO `act_ru_execution` VALUES ('5003', '3', '5003', 'LeaveBill.5', null, 'LeaveBill:1:4', null, '_4', '1', '0', '1', '0', '1', '2', '', null, null);
INSERT INTO `act_ru_execution` VALUES ('5017', '3', '5017', 'LeaveBill.3', null, 'LeaveBill:1:4', null, '_4', '1', '0', '1', '0', '1', '2', '', null, null);
INSERT INTO `act_ru_execution` VALUES ('7501', '3', '7501', 'LeaveBill.2', null, 'LeaveBill:1:4', null, '_6', '1', '0', '1', '0', '1', '2', '', null, null);

-- ----------------------------
-- Table structure for `act_ru_identitylink`
-- ----------------------------
DROP TABLE IF EXISTS `act_ru_identitylink`;
CREATE TABLE `act_ru_identitylink` (
  `ID_` varchar(64) COLLATE utf8_bin NOT NULL DEFAULT '',
  `REV_` int(11) DEFAULT NULL,
  `GROUP_ID_` varchar(255) COLLATE utf8_bin DEFAULT NULL,
  `TYPE_` varchar(255) COLLATE utf8_bin DEFAULT NULL,
  `USER_ID_` varchar(255) COLLATE utf8_bin DEFAULT NULL,
  `TASK_ID_` varchar(64) COLLATE utf8_bin DEFAULT NULL,
  `PROC_INST_ID_` varchar(64) COLLATE utf8_bin DEFAULT NULL,
  `PROC_DEF_ID_` varchar(64) COLLATE utf8_bin DEFAULT NULL,
  PRIMARY KEY (`ID_`),
  KEY `ACT_IDX_IDENT_LNK_USER` (`USER_ID_`),
  KEY `ACT_IDX_IDENT_LNK_GROUP` (`GROUP_ID_`),
  KEY `ACT_IDX_ATHRZ_PROCEDEF` (`PROC_DEF_ID_`),
  KEY `ACT_FK_TSKASS_TASK` (`TASK_ID_`),
  KEY `ACT_FK_IDL_PROCINST` (`PROC_INST_ID_`),
  CONSTRAINT `ACT_FK_IDL_PROCINST` FOREIGN KEY (`PROC_INST_ID_`) REFERENCES `act_ru_execution` (`ID_`),
  CONSTRAINT `ACT_FK_ATHRZ_PROCEDEF` FOREIGN KEY (`PROC_DEF_ID_`) REFERENCES `act_re_procdef` (`ID_`),
  CONSTRAINT `ACT_FK_TSKASS_TASK` FOREIGN KEY (`TASK_ID_`) REFERENCES `act_ru_task` (`ID_`)
) ENGINE=InnoDB DEFAULT CHARSET=utf8 COLLATE=utf8_bin;

-- ----------------------------
-- Records of act_ru_identitylink
-- ----------------------------
INSERT INTO `act_ru_identitylink` VALUES ('5009', '1', null, 'participant', 'user1', null, '5003', null);
INSERT INTO `act_ru_identitylink` VALUES ('5012', '1', null, 'participant', 'user2', null, '5003', null);
INSERT INTO `act_ru_identitylink` VALUES ('5023', '1', null, 'participant', 'user1', null, '5017', null);
INSERT INTO `act_ru_identitylink` VALUES ('5026', '1', null, 'participant', 'user2', null, '5017', null);
INSERT INTO `act_ru_identitylink` VALUES ('7507', '1', null, 'participant', 'user1', null, '7501', null);
INSERT INTO `act_ru_identitylink` VALUES ('7510', '1', null, 'participant', 'user2', null, '7501', null);
INSERT INTO `act_ru_identitylink` VALUES ('7515', '1', null, 'participant', 'user4', null, '7501', null);

-- ----------------------------
-- Table structure for `act_ru_job`
-- ----------------------------
DROP TABLE IF EXISTS `act_ru_job`;
CREATE TABLE `act_ru_job` (
  `ID_` varchar(64) COLLATE utf8_bin NOT NULL,
  `REV_` int(11) DEFAULT NULL,
  `TYPE_` varchar(255) COLLATE utf8_bin NOT NULL,
  `LOCK_EXP_TIME_` timestamp NULL DEFAULT NULL,
  `LOCK_OWNER_` varchar(255) COLLATE utf8_bin DEFAULT NULL,
  `EXCLUSIVE_` tinyint(1) DEFAULT NULL,
  `EXECUTION_ID_` varchar(64) COLLATE utf8_bin DEFAULT NULL,
  `PROCESS_INSTANCE_ID_` varchar(64) COLLATE utf8_bin DEFAULT NULL,
  `PROC_DEF_ID_` varchar(64) COLLATE utf8_bin DEFAULT NULL,
  `RETRIES_` int(11) DEFAULT NULL,
  `EXCEPTION_STACK_ID_` varchar(64) COLLATE utf8_bin DEFAULT NULL,
  `EXCEPTION_MSG_` varchar(4000) COLLATE utf8_bin DEFAULT NULL,
  `DUEDATE_` timestamp NULL DEFAULT NULL,
  `REPEAT_` varchar(255) COLLATE utf8_bin DEFAULT NULL,
  `HANDLER_TYPE_` varchar(255) COLLATE utf8_bin DEFAULT NULL,
  `HANDLER_CFG_` varchar(4000) COLLATE utf8_bin DEFAULT NULL,
  `TENANT_ID_` varchar(255) COLLATE utf8_bin DEFAULT '',
  PRIMARY KEY (`ID_`),
  KEY `ACT_FK_JOB_EXCEPTION` (`EXCEPTION_STACK_ID_`),
  CONSTRAINT `ACT_FK_JOB_EXCEPTION` FOREIGN KEY (`EXCEPTION_STACK_ID_`) REFERENCES `act_ge_bytearray` (`ID_`)
) ENGINE=InnoDB DEFAULT CHARSET=utf8 COLLATE=utf8_bin;

-- ----------------------------
-- Records of act_ru_job
-- ----------------------------

-- ----------------------------
-- Table structure for `act_ru_task`
-- ----------------------------
DROP TABLE IF EXISTS `act_ru_task`;
CREATE TABLE `act_ru_task` (
  `ID_` varchar(64) COLLATE utf8_bin NOT NULL DEFAULT '',
  `REV_` int(11) DEFAULT NULL,
  `EXECUTION_ID_` varchar(64) COLLATE utf8_bin DEFAULT NULL,
  `PROC_INST_ID_` varchar(64) COLLATE utf8_bin DEFAULT NULL,
  `PROC_DEF_ID_` varchar(64) COLLATE utf8_bin DEFAULT NULL,
  `NAME_` varchar(255) COLLATE utf8_bin DEFAULT NULL,
  `PARENT_TASK_ID_` varchar(64) COLLATE utf8_bin DEFAULT NULL,
  `DESCRIPTION_` varchar(4000) COLLATE utf8_bin DEFAULT NULL,
  `TASK_DEF_KEY_` varchar(255) COLLATE utf8_bin DEFAULT NULL,
  `OWNER_` varchar(255) COLLATE utf8_bin DEFAULT NULL,
  `ASSIGNEE_` varchar(255) COLLATE utf8_bin DEFAULT NULL,
  `DELEGATION_` varchar(64) COLLATE utf8_bin DEFAULT NULL,
  `PRIORITY_` int(11) DEFAULT NULL,
  `CREATE_TIME_` timestamp NOT NULL DEFAULT CURRENT_TIMESTAMP ON UPDATE CURRENT_TIMESTAMP,
  `DUE_DATE_` datetime DEFAULT NULL,
  `CATEGORY_` varchar(255) COLLATE utf8_bin DEFAULT NULL,
  `SUSPENSION_STATE_` int(11) DEFAULT NULL,
  `TENANT_ID_` varchar(255) COLLATE utf8_bin DEFAULT '',
  `FORM_KEY_` varchar(255) COLLATE utf8_bin DEFAULT NULL,
  PRIMARY KEY (`ID_`),
  KEY `ACT_IDX_TASK_CREATE` (`CREATE_TIME_`),
  KEY `ACT_FK_TASK_EXE` (`EXECUTION_ID_`),
  KEY `ACT_FK_TASK_PROCINST` (`PROC_INST_ID_`),
  KEY `ACT_FK_TASK_PROCDEF` (`PROC_DEF_ID_`),
  CONSTRAINT `ACT_FK_TASK_PROCDEF` FOREIGN KEY (`PROC_DEF_ID_`) REFERENCES `act_re_procdef` (`ID_`),
  CONSTRAINT `ACT_FK_TASK_EXE` FOREIGN KEY (`EXECUTION_ID_`) REFERENCES `act_ru_execution` (`ID_`),
  CONSTRAINT `ACT_FK_TASK_PROCINST` FOREIGN KEY (`PROC_INST_ID_`) REFERENCES `act_ru_execution` (`ID_`)
) ENGINE=InnoDB DEFAULT CHARSET=utf8 COLLATE=utf8_bin;

-- ----------------------------
-- Records of act_ru_task
-- ----------------------------
INSERT INTO `act_ru_task` VALUES ('5016', '1', '5003', '5003', 'LeaveBill:1:4', '班主任提交申请', null, null, '_4', null, 'user1', null, '50', '2018-11-01 15:33:31', null, null, '1', '', null);
INSERT INTO `act_ru_task` VALUES ('5030', '1', '5017', '5017', 'LeaveBill:1:4', '班主任提交申请', null, null, '_4', null, 'user1', null, '50', '2018-11-01 15:34:54', null, null, '1', '', null);
INSERT INTO `act_ru_task` VALUES ('7514', '1', '7501', '7501', 'LeaveBill:1:4', '院长审批', null, null, '_6', null, 'user4', null, '50', '2018-11-01 15:50:24', null, null, '1', '', 'shenpi');

-- ----------------------------
-- Table structure for `act_ru_variable`
-- ----------------------------
DROP TABLE IF EXISTS `act_ru_variable`;
CREATE TABLE `act_ru_variable` (
  `ID_` varchar(64) COLLATE utf8_bin NOT NULL,
  `REV_` int(11) DEFAULT NULL,
  `TYPE_` varchar(255) COLLATE utf8_bin NOT NULL,
  `NAME_` varchar(255) COLLATE utf8_bin NOT NULL,
  `EXECUTION_ID_` varchar(64) COLLATE utf8_bin DEFAULT NULL,
  `PROC_INST_ID_` varchar(64) COLLATE utf8_bin DEFAULT NULL,
  `TASK_ID_` varchar(64) COLLATE utf8_bin DEFAULT NULL,
  `BYTEARRAY_ID_` varchar(64) COLLATE utf8_bin DEFAULT NULL,
  `DOUBLE_` double DEFAULT NULL,
  `LONG_` bigint(20) DEFAULT NULL,
  `TEXT_` varchar(4000) COLLATE utf8_bin DEFAULT NULL,
  `TEXT2_` varchar(4000) COLLATE utf8_bin DEFAULT NULL,
  PRIMARY KEY (`ID_`),
  KEY `ACT_IDX_VARIABLE_TASK_ID` (`TASK_ID_`),
  KEY `ACT_FK_VAR_EXE` (`EXECUTION_ID_`),
  KEY `ACT_FK_VAR_PROCINST` (`PROC_INST_ID_`),
  KEY `ACT_FK_VAR_BYTEARRAY` (`BYTEARRAY_ID_`),
  CONSTRAINT `ACT_FK_VAR_BYTEARRAY` FOREIGN KEY (`BYTEARRAY_ID_`) REFERENCES `act_ge_bytearray` (`ID_`),
  CONSTRAINT `ACT_FK_VAR_EXE` FOREIGN KEY (`EXECUTION_ID_`) REFERENCES `act_ru_execution` (`ID_`),
  CONSTRAINT `ACT_FK_VAR_PROCINST` FOREIGN KEY (`PROC_INST_ID_`) REFERENCES `act_ru_execution` (`ID_`)
) ENGINE=InnoDB DEFAULT CHARSET=utf8 COLLATE=utf8_bin;

-- ----------------------------
-- Records of act_ru_variable
-- ----------------------------
INSERT INTO `act_ru_variable` VALUES ('5005', '1', 'string', 'busid', '5003', '5003', null, null, null, null, 'LeaveBill.5', null);
INSERT INTO `act_ru_variable` VALUES ('5006', '1', 'string', 'username', '5003', '5003', null, null, null, null, 'user1', null);
INSERT INTO `act_ru_variable` VALUES ('5014', '1', 'string', 'rs', '5003', '5003', null, null, null, null, '驳回', null);
INSERT INTO `act_ru_variable` VALUES ('5019', '1', 'string', 'busid', '5017', '5017', null, null, null, null, 'LeaveBill.3', null);
INSERT INTO `act_ru_variable` VALUES ('5020', '1', 'string', 'username', '5017', '5017', null, null, null, null, 'user1', null);
INSERT INTO `act_ru_variable` VALUES ('5028', '1', 'string', 'rs', '5017', '5017', null, null, null, null, '驳回', null);
INSERT INTO `act_ru_variable` VALUES ('7503', '1', 'string', 'busid', '7501', '7501', null, null, null, null, 'LeaveBill.2', null);
INSERT INTO `act_ru_variable` VALUES ('7504', '1', 'string', 'username', '7501', '7501', null, null, null, null, 'user1', null);
INSERT INTO `act_ru_variable` VALUES ('7512', '1', 'string', 'rs', '7501', '7501', null, null, null, null, '通过', null);

-- ----------------------------
-- Table structure for `books`
-- ----------------------------
DROP TABLE IF EXISTS `books`;
CREATE TABLE `books` (
  `bookid` int(11) NOT NULL AUTO_INCREMENT,
  `bookname` varchar(255) DEFAULT NULL,
  `Issuedcount` int(11) DEFAULT NULL,
  `issueddate` date DEFAULT NULL,
  `bookstate` varchar(255) DEFAULT NULL,
  `bookremark` varchar(255) DEFAULT NULL,
  PRIMARY KEY (`bookid`)
) ENGINE=InnoDB DEFAULT CHARSET=utf8;

-- ----------------------------
-- Records of books
-- ----------------------------

-- ----------------------------
-- Table structure for `classes`
-- ----------------------------
DROP TABLE IF EXISTS `classes`;
CREATE TABLE `classes` (
  `classid` int(11) NOT NULL AUTO_INCREMENT,
  `classnum` varchar(255) DEFAULT NULL,
  `deptid` int(11) DEFAULT NULL,
  `majorid` int(11) DEFAULT NULL,
  `classname` varchar(255) DEFAULT NULL,
  `classbegin` date DEFAULT NULL,
  `classend` date DEFAULT NULL,
  `classcontent` varchar(255) DEFAULT NULL,
  `classqq` varchar(255) DEFAULT NULL,
  `tagline` varchar(255) DEFAULT NULL,
  `classteacher` varchar(11) DEFAULT NULL,
  `peoplecount` int(11) DEFAULT NULL,
  `classstate` varchar(255) DEFAULT NULL,
  `auditcount` int(11) DEFAULT '0',
  PRIMARY KEY (`classid`)
) ENGINE=InnoDB AUTO_INCREMENT=13 DEFAULT CHARSET=utf8;

-- ----------------------------
-- Records of classes
-- ----------------------------
INSERT INTO `classes` VALUES ('1', 'cla101', '1', '1', '矿产分析1班', '2017-10-01', '2018-10-01', 'aaaaabbbbccccddd', '1234567', 'dasds', 'user5', '50', '审核通过', '3');
INSERT INTO `classes` VALUES ('2', 'cla102', '1', '1', '矿产分析2班', '2006-01-01', '2007-01-01', 'bbbbb', '158683', 'dsadasda', '小红', '60', '审核通过', '2');
INSERT INTO `classes` VALUES ('3', '201', '1', '1', 'test1', '2013-10-10', '2013-10-10', 'fsdfdsfdsfsd', '11111', 'dadsfsdf', 'user4', '40', '已毕业', '2');
INSERT INTO `classes` VALUES ('4', '202', '1', '1', 'aaa', '2013-10-10', '2014-10-10', 'fsdfsdfs', '3432423', 'fsf', 'user', '22', '审核未通过', '2');
INSERT INTO `classes` VALUES ('5', '301', '1', '1', 'www', '2013-10-10', '2015-10-10', 'fsfdsfdsfafasfa', '33333', 'dasdas', 'user5', '23', '审核中', '1');
INSERT INTO `classes` VALUES ('6', '401', '1', '1', '矿冶34班', '2014-10-10', '2018-10-10', '发斯蒂芬斯蒂芬斯蒂芬的', '465454', '冯绍峰的所发生的', 'user5', '50', '审核中', '2');
INSERT INTO `classes` VALUES ('7', 'cla1101', '2', '5', 'dad', '2013-10-10', '2013-10-10', 'dsadasd', '242342343', 'sfdfd', null, '11', '审核通过', '2');
INSERT INTO `classes` VALUES ('8', 'cla1102', '3', '7', 'java001', '2013-10-10', '2013-10-10', 'fdsfsdsdv', '12323232', 'sfdsvdsdv', null, '100', '审核中', '1');
INSERT INTO `classes` VALUES ('9', '201602B', '1', '1', '2016春篮球', '2013-10-10', '2014-10-10', '一个新开辟领域的探讨，探讨摸索', '535345', 'rweresfsd', 'user4', '100', '未审核', '0');
INSERT INTO `classes` VALUES ('10', '201603B', '1', '2', '2016春篮球123', '2013-10-10', '2013-10-10', '一个新开辟领域的探讨，探讨摸索', '32423', 'efsfsdfdffd', null, '22', '审核中', '1');
INSERT INTO `classes` VALUES ('11', '201802B', '2', '5', '2018春篮球', '2013-10-10', '2015-10-10', '一个新开辟领域的探讨，探讨摸索', '332423', 'fsdfdvdv', null, '434', '审核中', '1');
INSERT INTO `classes` VALUES ('12', '201902B', '3', '7', '2016春篮球22', '2013-10-10', '2015-10-10', '一个新开辟领域的探讨，探讨摸索', '423', 'sfdsvsd', null, '22', '审核通过', '3');

-- ----------------------------
-- Table structure for `department`
-- ----------------------------
DROP TABLE IF EXISTS `department`;
CREATE TABLE `department` (
  `departid` int(11) NOT NULL AUTO_INCREMENT,
  `departname` varchar(255) DEFAULT NULL,
  PRIMARY KEY (`departid`)
) ENGINE=InnoDB AUTO_INCREMENT=4 DEFAULT CHARSET=utf8;

-- ----------------------------
-- Records of department
-- ----------------------------
INSERT INTO `department` VALUES ('1', '矿冶工程学院');
INSERT INTO `department` VALUES ('2', '政治学院');
INSERT INTO `department` VALUES ('3', '计算机学院');

-- ----------------------------
-- Table structure for `exam`
-- ----------------------------
DROP TABLE IF EXISTS `exam`;
CREATE TABLE `exam` (
  `examid` int(11) NOT NULL AUTO_INCREMENT,
  `examnum` varchar(255) DEFAULT NULL,
  `examsubject` varchar(255) DEFAULT NULL,
  `examtime` date DEFAULT NULL,
  `deptid` int(11) DEFAULT NULL,
  `majorid` int(11) DEFAULT NULL,
  `classid` int(11) DEFAULT NULL,
  `examcount` int(11) DEFAULT NULL,
  `examstate` varchar(255) DEFAULT NULL,
  PRIMARY KEY (`examid`)
) ENGINE=InnoDB DEFAULT CHARSET=utf8;

-- ----------------------------
-- Records of exam
-- ----------------------------

-- ----------------------------
-- Table structure for `information`
-- ----------------------------
DROP TABLE IF EXISTS `information`;
CREATE TABLE `information` (
  `informationid` int(11) NOT NULL AUTO_INCREMENT,
  `informationname` varchar(255) DEFAULT NULL,
  `typeid` int(11) DEFAULT NULL,
  `date` date DEFAULT NULL,
  `filetype` varchar(255) DEFAULT NULL,
  `uploader` varchar(255) DEFAULT NULL,
  `url` varchar(255) DEFAULT NULL,
  PRIMARY KEY (`informationid`)
) ENGINE=InnoDB AUTO_INCREMENT=105 DEFAULT CHARSET=utf8;

-- ----------------------------
-- Records of information
-- ----------------------------
INSERT INTO `information` VALUES ('1', '3432545', '1', '2014-04-11', 'txt', '王二麻子', '/uploadimage/补充.txt');
INSERT INTO `information` VALUES ('2', 'asdas', '2', '2014-04-11', 'jpg', '王二麻子', '/uploadimage/照片1.jpg');
INSERT INTO `information` VALUES ('3', 'fasfs', '3', '2014-04-11', 'jpg', '王二麻子', '/uploadimage/照片4.jpg');
INSERT INTO `information` VALUES ('12', 'aaaa', '1', '2014-04-11', '', '王二麻子', '/uploadimage/');
INSERT INTO `information` VALUES ('104', 'dadas', '4', '2014-04-11', 'doc', '王二麻子', '/uploadimage/《计算机网络课程设计》原件.doc');

-- ----------------------------
-- Table structure for `infotype`
-- ----------------------------
DROP TABLE IF EXISTS `infotype`;
CREATE TABLE `infotype` (
  `infoid` int(11) NOT NULL AUTO_INCREMENT,
  `infotype` varchar(255) DEFAULT NULL,
  PRIMARY KEY (`infoid`)
) ENGINE=InnoDB AUTO_INCREMENT=5 DEFAULT CHARSET=utf8;

-- ----------------------------
-- Records of infotype
-- ----------------------------
INSERT INTO `infotype` VALUES ('1', '复习资料');
INSERT INTO `infotype` VALUES ('2', '练习题');
INSERT INTO `infotype` VALUES ('3', '内部资料');
INSERT INTO `infotype` VALUES ('4', '真题');

-- ----------------------------
-- Table structure for `leavebill`
-- ----------------------------
DROP TABLE IF EXISTS `leavebill`;
CREATE TABLE `leavebill` (
  `id` int(11) NOT NULL AUTO_INCREMENT,
  `days` int(11) DEFAULT NULL,
  `content` varchar(255) DEFAULT NULL,
  `date` date DEFAULT NULL,
  `remark` varchar(255) DEFAULT NULL,
  `userid` int(11) DEFAULT NULL,
  `state` int(11) DEFAULT NULL,
  PRIMARY KEY (`id`)
) ENGINE=InnoDB AUTO_INCREMENT=6 DEFAULT CHARSET=utf8;

-- ----------------------------
-- Records of leavebill
-- ----------------------------
INSERT INTO `leavebill` VALUES ('1', '10', '想睡觉', '2018-01-01', '没有', '1', '2');
INSERT INTO `leavebill` VALUES ('2', '1', '事假', '2018-01-02', '无', '1', '1');
INSERT INTO `leavebill` VALUES ('3', '3', 'test2-1', '2018-10-22', 'TEST2-1', '1', '3');
INSERT INTO `leavebill` VALUES ('4', '5', '想睡觉', '2018-10-24', '11111', '0', '0');
INSERT INTO `leavebill` VALUES ('5', '5', '想玩', '2018-10-31', '累得慌', '1', '3');

-- ----------------------------
-- Table structure for `major`
-- ----------------------------
DROP TABLE IF EXISTS `major`;
CREATE TABLE `major` (
  `majorid` int(11) NOT NULL AUTO_INCREMENT,
  `majorname` varchar(255) DEFAULT NULL,
  `departid` int(11) DEFAULT NULL,
  PRIMARY KEY (`majorid`)
) ENGINE=InnoDB AUTO_INCREMENT=10 DEFAULT CHARSET=utf8;

-- ----------------------------
-- Records of major
-- ----------------------------
INSERT INTO `major` VALUES ('1', '矿产分析', '1');
INSERT INTO `major` VALUES ('2', '矿产挖掘', '1');
INSERT INTO `major` VALUES ('3', '矿产冶炼', '1');
INSERT INTO `major` VALUES ('4', '毛泽东思想', '2');
INSERT INTO `major` VALUES ('5', '邓小平理论', '2');
INSERT INTO `major` VALUES ('6', '习近平治国', '2');
INSERT INTO `major` VALUES ('7', 'java', '3');
INSERT INTO `major` VALUES ('8', 'h5', '3');
INSERT INTO `major` VALUES ('9', 'c', '3');

-- ----------------------------
-- Table structure for `menu`
-- ----------------------------
DROP TABLE IF EXISTS `menu`;
CREATE TABLE `menu` (
  `menuid` int(11) NOT NULL AUTO_INCREMENT,
  `menuname` varchar(255) DEFAULT NULL,
  `upmenuid` int(11) DEFAULT NULL,
  `menupath` varchar(255) DEFAULT NULL,
  `menustate` int(11) DEFAULT NULL,
  `menuremark` varchar(255) DEFAULT NULL,
  PRIMARY KEY (`menuid`)
) ENGINE=InnoDB AUTO_INCREMENT=119 DEFAULT CHARSET=utf8;

-- ----------------------------
-- Records of menu
-- ----------------------------
INSERT INTO `menu` VALUES ('28', '个人中心', '-1', null, '1', null);
INSERT INTO `menu` VALUES ('29', '教务中心', '-1', null, '1', null);
INSERT INTO `menu` VALUES ('30', '学员中心', '-1', null, '1', null);
INSERT INTO `menu` VALUES ('31', '学习中心', '-1', null, '1', null);
INSERT INTO `menu` VALUES ('32', '资料管理', '-1', null, '1', null);
INSERT INTO `menu` VALUES ('33', '权限管理', '-1', null, '1', null);
INSERT INTO `menu` VALUES ('34', '我的资料', '28', 'user/MyUser.jsp', '1', null);
INSERT INTO `menu` VALUES ('35', '班级信息', '28', 'user/class.html', '1', null);
INSERT INTO `menu` VALUES ('36', '修改密码', '28', 'user/password.jsp', '1', null);
INSERT INTO `menu` VALUES ('37', '班级管理', '29', '/Educational/class/getclasslist', '1', null);
INSERT INTO `menu` VALUES ('38', '学生管理', '29', 'Educational/student/list.html', '1', null);
INSERT INTO `menu` VALUES ('39', '组织考试', '29', 'Educational/exam/exam.html', '1', null);
INSERT INTO `menu` VALUES ('40', '班级审核', '29', 'Educational/getclasses', '1', null);
INSERT INTO `menu` VALUES ('41', '学员信息', '30', null, '1', null);
INSERT INTO `menu` VALUES ('42', '我的成绩', '30', null, '1', null);
INSERT INTO `menu` VALUES ('43', '我的书籍', '30', null, '1', null);
INSERT INTO `menu` VALUES ('44', '资料下载', '31', null, '1', null);
INSERT INTO `menu` VALUES ('45', '资料上传', '32', null, '1', null);
INSERT INTO `menu` VALUES ('46', '书籍管理', '32', null, '1', null);
INSERT INTO `menu` VALUES ('47', '用户管理', '33', null, '1', null);
INSERT INTO `menu` VALUES ('48', '角色管理', '33', '/power/role/getroles', '1', null);
INSERT INTO `menu` VALUES ('49', '菜单管理', '33', '/power/menu/getmenus', '1', null);
INSERT INTO `menu` VALUES ('50', '业务管理', '-1', null, null, null);
INSERT INTO `menu` VALUES ('51', '流程管理', '-1', '', '1', null);
INSERT INTO `menu` VALUES ('54', '请假管理', '50', '/qingjia/getleavebills', null, null);
INSERT INTO `menu` VALUES ('117', '部署管理', '51', '/bushu/getdeploys', null, null);
INSERT INTO `menu` VALUES ('118', '任务管理', '51', '/renwu/gettastlist', null, null);

-- ----------------------------
-- Table structure for `middle`
-- ----------------------------
DROP TABLE IF EXISTS `middle`;
CREATE TABLE `middle` (
  `middleid` int(11) NOT NULL AUTO_INCREMENT,
  `menuid` int(11) DEFAULT NULL,
  `roleid` int(11) DEFAULT NULL,
  PRIMARY KEY (`middleid`)
) ENGINE=InnoDB AUTO_INCREMENT=126 DEFAULT CHARSET=utf8;

-- ----------------------------
-- Records of middle
-- ----------------------------
INSERT INTO `middle` VALUES ('1', '50', '1');
INSERT INTO `middle` VALUES ('2', '54', '1');
INSERT INTO `middle` VALUES ('3', '51', '6');
INSERT INTO `middle` VALUES ('4', '118', '6');
INSERT INTO `middle` VALUES ('49', '28', '1');
INSERT INTO `middle` VALUES ('50', '34', '1');
INSERT INTO `middle` VALUES ('51', '36', '1');
INSERT INTO `middle` VALUES ('52', '29', '1');
INSERT INTO `middle` VALUES ('53', '37', '1');
INSERT INTO `middle` VALUES ('54', '38', '1');
INSERT INTO `middle` VALUES ('55', '39', '1');
INSERT INTO `middle` VALUES ('66', '29', '4');
INSERT INTO `middle` VALUES ('67', '40', '4');
INSERT INTO `middle` VALUES ('72', '28', '6');
INSERT INTO `middle` VALUES ('73', '34', '6');
INSERT INTO `middle` VALUES ('74', '35', '6');
INSERT INTO `middle` VALUES ('75', '36', '6');
INSERT INTO `middle` VALUES ('76', '30', '6');
INSERT INTO `middle` VALUES ('77', '41', '6');
INSERT INTO `middle` VALUES ('78', '42', '6');
INSERT INTO `middle` VALUES ('79', '43', '6');
INSERT INTO `middle` VALUES ('96', '28', '7');
INSERT INTO `middle` VALUES ('97', '34', '7');
INSERT INTO `middle` VALUES ('98', '35', '7');
INSERT INTO `middle` VALUES ('99', '36', '7');
INSERT INTO `middle` VALUES ('109', '28', '5');
INSERT INTO `middle` VALUES ('110', '34', '5');
INSERT INTO `middle` VALUES ('111', '35', '5');
INSERT INTO `middle` VALUES ('112', '36', '5');
INSERT INTO `middle` VALUES ('113', '33', '5');
INSERT INTO `middle` VALUES ('114', '47', '5');
INSERT INTO `middle` VALUES ('115', '48', '5');
INSERT INTO `middle` VALUES ('116', '49', '5');
INSERT INTO `middle` VALUES ('117', '50', '5');
INSERT INTO `middle` VALUES ('118', '52', '5');
INSERT INTO `middle` VALUES ('119', '53', '5');
INSERT INTO `middle` VALUES ('120', '54', '5');
INSERT INTO `middle` VALUES ('121', '51', '5');
INSERT INTO `middle` VALUES ('122', '117', '5');
INSERT INTO `middle` VALUES ('123', '118', '5');
INSERT INTO `middle` VALUES ('124', '51', '4');
INSERT INTO `middle` VALUES ('125', '118', '4');

-- ----------------------------
-- Table structure for `problem`
-- ----------------------------
DROP TABLE IF EXISTS `problem`;
CREATE TABLE `problem` (
  `problemid` int(11) DEFAULT NULL,
  `problemtype` varchar(255) DEFAULT NULL,
  `problemcontent` varchar(255) DEFAULT NULL,
  `classid` int(11) DEFAULT NULL
) ENGINE=InnoDB DEFAULT CHARSET=utf8;

-- ----------------------------
-- Records of problem
-- ----------------------------

-- ----------------------------
-- Table structure for `role`
-- ----------------------------
DROP TABLE IF EXISTS `role`;
CREATE TABLE `role` (
  `roleid` int(11) NOT NULL AUTO_INCREMENT,
  `rolename` varchar(255) DEFAULT NULL,
  `rolestate` int(11) DEFAULT NULL,
  PRIMARY KEY (`roleid`)
) ENGINE=InnoDB AUTO_INCREMENT=8 DEFAULT CHARSET=utf8;

-- ----------------------------
-- Records of role
-- ----------------------------
INSERT INTO `role` VALUES ('1', '班主任', '1');
INSERT INTO `role` VALUES ('2', '讲师', '1');
INSERT INTO `role` VALUES ('4', '院长', '1');
INSERT INTO `role` VALUES ('5', '超级管理员2', '1');
INSERT INTO `role` VALUES ('6', '班主任主管', '1');
INSERT INTO `role` VALUES ('7', '管理员33', '1');

-- ----------------------------
-- Table structure for `score`
-- ----------------------------
DROP TABLE IF EXISTS `score`;
CREATE TABLE `score` (
  `middleid` int(11) NOT NULL AUTO_INCREMENT,
  `examid` int(11) DEFAULT NULL,
  `stuid` int(11) DEFAULT NULL,
  `score` int(11) DEFAULT NULL,
  PRIMARY KEY (`middleid`)
) ENGINE=InnoDB DEFAULT CHARSET=utf8;

-- ----------------------------
-- Records of score
-- ----------------------------

-- ----------------------------
-- Table structure for `student`
-- ----------------------------
DROP TABLE IF EXISTS `student`;
CREATE TABLE `student` (
  `studentid` int(11) NOT NULL AUTO_INCREMENT,
  `studentno` varchar(255) DEFAULT NULL,
  `stuname` varchar(255) DEFAULT NULL,
  `deptid` int(11) DEFAULT NULL,
  `majorid` int(11) DEFAULT NULL,
  `classid` int(11) DEFAULT NULL,
  `stusex` int(11) DEFAULT NULL,
  `email` varchar(255) DEFAULT NULL,
  `phone` varchar(255) DEFAULT NULL,
  `registered` varchar(255) DEFAULT NULL,
  `address` varchar(255) DEFAULT NULL,
  `politics` varchar(255) DEFAULT NULL,
  `cardid` varchar(255) DEFAULT NULL,
  `stucontent` varchar(255) DEFAULT NULL,
  `regdate` date DEFAULT NULL,
  `stustate` varchar(255) DEFAULT NULL,
  PRIMARY KEY (`studentid`)
) ENGINE=InnoDB AUTO_INCREMENT=108 DEFAULT CHARSET=utf8;

-- ----------------------------
-- Records of student
-- ----------------------------
INSERT INTO `student` VALUES ('101', 's1001', '张三', '1', '1', '1', '1', '123@qq.com', '11234', '北京', '昌平区', null, null, null, '2018-10-19', '退学');
INSERT INTO `student` VALUES ('102', 's1002', '李四', '1', '2', '1', '1', '123@qq.com', '2345', '上海', '宝山区', null, null, null, '2018-10-05', '退学');
INSERT INTO `student` VALUES ('103', 's1003', '王五', '1', '3', '2', '0', '123@qq.com', '32324', '广州', '不知道', null, null, null, '2018-10-02', '正常');
INSERT INTO `student` VALUES ('104', 's1004', '赵柳', '2', '1', '2', '0', '123@qq.com', '432423', '深圳', '不知道', null, null, null, '2018-11-10', '正常');
INSERT INTO `student` VALUES ('105', 's1005', '杨XX', '1', '1', '1', '1', '1332@126.com', '13333333333', null, '朝阳', '党员', '110111111111111111111', '一个新开辟领域的探讨，探讨摸索', null, '正常');
INSERT INTO `student` VALUES ('106', 's1006', '杨qq', '1', '1', '1', '1', '1332@126.com', '13333333333', null, '朝阳', '党员', '110111111111111111111', '一个新开辟领域的探讨，探讨摸索', '2000-01-01', '正常');
INSERT INTO `student` VALUES ('107', 's1010', '杨bbb', '2', '5', '7', '1', '1332@126.com', '13333333333', null, '朝阳', '党员', '110111111111111111111', '一个新开辟领域的探讨，探讨摸索', '2000-01-01', '正常');

-- ----------------------------
-- Table structure for `user_class_major`
-- ----------------------------
DROP TABLE IF EXISTS `user_class_major`;
CREATE TABLE `user_class_major` (
  `user_class_major_id` int(11) NOT NULL AUTO_INCREMENT,
  `userid` int(11) DEFAULT NULL,
  `departid` int(11) DEFAULT NULL,
  `majorid` int(11) DEFAULT NULL,
  PRIMARY KEY (`user_class_major_id`)
) ENGINE=InnoDB AUTO_INCREMENT=6 DEFAULT CHARSET=utf8;

-- ----------------------------
-- Records of user_class_major
-- ----------------------------
INSERT INTO `user_class_major` VALUES ('1', '1', '1', '1');
INSERT INTO `user_class_major` VALUES ('2', '2', '2', '2');
INSERT INTO `user_class_major` VALUES ('3', '3', '3', '3');
INSERT INTO `user_class_major` VALUES ('4', '4', '1', '1');
INSERT INTO `user_class_major` VALUES ('5', '5', '1', '1');

-- ----------------------------
-- Table structure for `user_tb`
-- ----------------------------
DROP TABLE IF EXISTS `user_tb`;
CREATE TABLE `user_tb` (
  `user_id` int(11) NOT NULL AUTO_INCREMENT,
  `student_id` int(11) DEFAULT NULL,
  `role_id` int(11) DEFAULT NULL,
  `user_name` varchar(255) DEFAULT NULL,
  `user_ps` varchar(255) DEFAULT NULL,
  `user_realname` varchar(255) DEFAULT NULL,
  `user_sex` varchar(255) DEFAULT NULL,
  `user_email` varchar(255) DEFAULT NULL,
  `user_phone` varchar(255) DEFAULT NULL,
  `user_address` varchar(255) DEFAULT NULL,
  `user_idcard` varchar(255) DEFAULT NULL,
  `user_content` varchar(255) DEFAULT NULL,
  `logincount` int(11) DEFAULT '0',
  `regdate` date DEFAULT NULL,
  `managerid` int(11) DEFAULT NULL,
  PRIMARY KEY (`user_id`)
) ENGINE=InnoDB AUTO_INCREMENT=6 DEFAULT CHARSET=utf8;

-- ----------------------------
-- Records of user_tb
-- ----------------------------
INSERT INTO `user_tb` VALUES ('0', null, '1', 'user0', 'user0', '张三2', '女', '123@qq.com', '1234567', '北京', '12221121212121', '一个大帅哥', '81', '2018-10-11', '2');
INSERT INTO `user_tb` VALUES ('1', null, '1', 'user1', 'user1', '李四', '女', null, null, null, null, null, '127', null, '2');
INSERT INTO `user_tb` VALUES ('2', null, '6', 'user2', 'user2', null, null, null, null, null, null, null, '43', null, '4');
INSERT INTO `user_tb` VALUES ('3', null, '1', 'user3', 'user3', null, null, null, null, null, null, null, '3', null, null);
INSERT INTO `user_tb` VALUES ('4', null, '4', 'user4', 'user4', '杨XX', '男', '1332@126.com', '13333333333', '朝阳', '110111111111111111111', '一个新开辟领域的探讨，探讨摸索', '6', '2018-10-22', null);
INSERT INTO `user_tb` VALUES ('5', null, '5', 'admin', 'admin', null, null, null, null, null, null, null, '156', null, null);
